taxi_type,vendor_id,pickup_datetime,dropoff_datetime,store_and_fwd_flag,rate_code_id,pickup_location_id,dropoff_location_id,pickup_longitude,pickup_latitude,dropoff_longitude,dropoff_latitude,passenger_count,trip_distance,fare_amount,extra,mta_tax,tip_amount,tolls_amount,ehail_fee,improvement_surcharge,total_amount,payment_type,trip_type,vendor_abbreviation,vendor_description,month_name_short,month_name_full,payment_type_description,rate_code_description,pickup_borough,pickup_zone,pickup_service_zone,dropoff_borough,dropoff_zone,dropoff_service_zone,pickup_year,pickup_month,pickup_day,pickup_hour,pickup_minute,pickup_second,dropoff_year,dropoff_month,dropoff_day,dropoff_hour,dropoff_minute,dropoff_second
yellow,1,2016-10-01T00:00:01.000+08:00,2016-10-01T00:07:49.000+08:00,N,1,148,79,,,,,1,0.5,6.0,0.5,0.5,0.95,0.0,0.0,0.3,8.25,1,0,CMT,"Creative Mobile Technologies, LLC",Oct,October,Credit card,,Manhattan,Lower East Side,Yellow Zone,Manhattan,East Village,Yellow Zone,2016,10,1,0,0,1,2016,10,1,0,7,49
yellow,2,2016-10-01T00:00:03.000+08:00,2016-10-01T00:06:48.000+08:00,N,1,239,151,,,,,1,1.46,7.5,0.5,0.5,1.76,0.0,0.0,0.3,10.56,1,0,VFI,VeriFone Inc.,Oct,October,Credit card,,Manhattan,Upper West Side South,Yellow Zone,Manhattan,Manhattan Valley,Yellow Zone,2016,10,1,0,0,3,2016,10,1,0,6,48
yellow,2,2016-10-01T00:00:07.000+08:00,2016-10-01T00:10:17.000+08:00,N,1,164,236,,,,,5,3.11,11.0,0.5,0.5,2.46,0.0,0.0,0.3,14.76,1,0,VFI,VeriFone Inc.,Oct,October,Credit card,,Manhattan,Midtown South,Yellow Zone,Manhattan,Upper East Side North,Yellow Zone,2016,10,1,0,0,7,2016,10,1,0,10,17
yellow,1,2016-10-01T00:00:07.000+08:00,2016-10-01T00:08:43.000+08:00,N,1,162,137,,,,,1,1.0,7.0,0.5,0.5,0.0,0.0,0.0,0.3,8.3,2,0,CMT,"Creative Mobile Technologies, LLC",Oct,October,Cash,,Manhattan,Midtown East,Yellow Zone,Manhattan,Kips Bay,Yellow Zone,2016,10,1,0,0,7,2016,10,1,0,8,43
yellow,1,2016-10-01T00:00:04.000+08:00,2016-10-01T00:26:33.000+08:00,N,1,138,137,,,,,1,8.7,27.0,0.5,0.5,4.0,0.0,0.0,0.3,32.3,1,0,CMT,"Creative Mobile Technologies, LLC",Oct,October,Credit card,,Queens,LaGuardia Airport,Airports,Manhattan,Kips Bay,Yellow Zone,2016,10,1,0,0,4,2016,10,1,0,26,33
yellow,1,2016-10-01T00:00:02.000+08:00,2016-10-01T00:05:22.000+08:00,N,1,230,162,,,,,1,0.6,5.0,0.5,0.5,0.0,0.0,0.0,0.3,6.3,2,0,CMT,"Creative Mobile Technologies, LLC",Oct,October,Cash,,Manhattan,Times Sq/Theatre District,Yellow Zone,Manhattan,Midtown East,Yellow Zone,2016,10,1,0,0,2,2016,10,1,0,5,22
yellow,2,2016-10-01T00:00:03.000+08:00,2016-10-01T00:07:19.000+08:00,N,1,79,148,,,,,5,0.76,6.0,0.5,0.5,1.46,0.0,0.0,0.3,8.76,1,0,VFI,VeriFone Inc.,Oct,October,Credit card,,Manhattan,East Village,Yellow Zone,Manhattan,Lower East Side,Yellow Zone,2016,10,1,0,0,3,2016,10,1,0,7,19
yellow,2,2016-10-01T00:00:02.000+08:00,2016-10-01T00:03:48.000+08:00,N,1,144,114,,,,,1,0.8,5.0,0.5,0.5,1.26,0.0,0.0,0.3,7.56,1,0,VFI,VeriFone Inc.,Oct,October,Credit card,,Manhattan,Little Italy/NoLiTa,Yellow Zone,Manhattan,Greenwich Village South,Yellow Zone,2016,10,1,0,0,2,2016,10,1,0,3,48
yellow,2,2016-10-01T00:00:05.000+08:00,2016-10-01T00:12:47.000+08:00,N,1,142,236,,,,,1,2.5,11.0,0.5,0.5,0.0,0.0,0.0,0.3,12.3,2,0,VFI,VeriFone Inc.,Oct,October,Cash,,Manhattan,Lincoln Square East,Yellow Zone,Manhattan,Upper East Side North,Yellow Zone,2016,10,1,0,0,5,2016,10,1,0,12,47
yellow,2,2016-10-01T00:00:12.000+08:00,2016-10-01T00:20:12.000+08:00,N,1,90,229,,,,,1,3.22,15.5,0.5,0.5,3.36,0.0,0.0,0.3,20.16,1,0,VFI,VeriFone Inc.,Oct,October,Credit card,,Manhattan,Flatiron,Yellow Zone,Manhattan,Sutton Place/Turtle Bay North,Yellow Zone,2016,10,1,0,0,12,2016,10,1,0,20,12
yellow,2,2016-10-01T00:00:06.000+08:00,2016-10-01T00:09:10.000+08:00,N,1,50,50,,,,,6,0.56,7.0,0.5,0.5,0.0,0.0,0.0,0.3,8.3,2,0,VFI,VeriFone Inc.,Oct,October,Cash,,Manhattan,Clinton West,Yellow Zone,Manhattan,Clinton West,Yellow Zone,2016,10,1,0,0,6,2016,10,1,0,9,10
yellow,2,2016-10-01T00:00:07.000+08:00,2016-10-01T00:22:24.000+08:00,N,1,138,24,,,,,2,8.7,26.5,0.5,0.5,8.34,5.54,0.0,0.3,41.68,1,0,VFI,VeriFone Inc.,Oct,October,Credit card,,Queens,LaGuardia Airport,Airports,Manhattan,Bloomingdale,Yellow Zone,2016,10,1,0,0,7,2016,10,1,0,22,24
yellow,2,2016-10-01T00:00:08.000+08:00,2016-10-01T00:19:24.000+08:00,N,1,229,238,,,,,6,3.96,16.0,0.5,0.5,0.0,0.0,0.0,0.3,17.3,2,0,VFI,VeriFone Inc.,Oct,October,Cash,,Manhattan,Sutton Place/Turtle Bay North,Yellow Zone,Manhattan,Upper West Side North,Yellow Zone,2016,10,1,0,0,8,2016,10,1,0,19,24
yellow,1,2016-10-01T00:00:06.000+08:00,2016-10-01T00:11:23.000+08:00,N,1,161,41,,,,,1,3.6,12.0,0.5,0.5,0.0,0.0,0.0,0.3,13.3,2,0,CMT,"Creative Mobile Technologies, LLC",Oct,October,Cash,,Manhattan,Midtown Center,Yellow Zone,Manhattan,Central Harlem,Boro Zone,2016,10,1,0,0,6,2016,10,1,0,11,23
yellow,1,2016-10-01T00:00:10.000+08:00,2016-10-01T00:03:39.000+08:00,N,1,186,68,,,,,1,0.5,4.5,0.5,0.5,0.0,0.0,0.0,0.3,5.8,4,0,CMT,"Creative Mobile Technologies, LLC",Oct,October,Dispute,,Manhattan,Penn Station/Madison Sq West,Yellow Zone,Manhattan,East Chelsea,Yellow Zone,2016,10,1,0,0,10,2016,10,1,0,3,39
yellow,2,2016-10-01T00:00:08.000+08:00,2016-10-01T00:12:23.000+08:00,N,1,229,48,,,,,1,1.69,9.5,0.5,0.5,2.16,0.0,0.0,0.3,12.96,1,0,VFI,VeriFone Inc.,Oct,October,Credit card,,Manhattan,Sutton Place/Turtle Bay North,Yellow Zone,Manhattan,Clinton East,Yellow Zone,2016,10,1,0,0,8,2016,10,1,0,12,23
yellow,2,2016-10-01T00:00:10.000+08:00,2016-10-01T00:11:15.000+08:00,N,1,162,107,,,,,1,1.76,9.0,0.5,0.5,2.06,0.0,0.0,0.3,12.36,1,0,VFI,VeriFone Inc.,Oct,October,Credit card,,Manhattan,Midtown East,Yellow Zone,Manhattan,Gramercy,Yellow Zone,2016,10,1,0,0,10,2016,10,1,0,11,15
yellow,2,2016-10-01T00:00:03.000+08:00,2016-10-01T00:22:57.000+08:00,N,1,142,137,,,,,1,3.75,16.5,0.5,0.5,0.0,0.0,0.0,0.3,17.8,2,0,VFI,VeriFone Inc.,Oct,October,Cash,,Manhattan,Lincoln Square East,Yellow Zone,Manhattan,Kips Bay,Yellow Zone,2016,10,1,0,0,3,2016,10,1,0,22,57
yellow,1,2016-10-01T00:00:11.000+08:00,2016-10-01T00:13:23.000+08:00,N,1,229,75,,,,,2,2.7,12.0,0.5,0.5,0.0,0.0,0.0,0.3,13.3,2,0,CMT,"Creative Mobile Technologies, LLC",Oct,October,Cash,,Manhattan,Sutton Place/Turtle Bay North,Yellow Zone,Manhattan,East Harlem South,Boro Zone,2016,10,1,0,0,11,2016,10,1,0,13,23
yellow,2,2016-10-01T00:00:10.000+08:00,2016-10-01T00:37:06.000+08:00,N,1,138,48,,,,,1,9.73,35.0,0.5,0.5,7.26,0.0,0.0,0.3,43.56,1,0,VFI,VeriFone Inc.,Oct,October,Credit card,,Queens,LaGuardia Airport,Airports,Manhattan,Clinton East,Yellow Zone,2016,10,1,0,0,10,2016,10,1,0,37,6
yellow,2,2016-10-01T00:00:13.000+08:00,2016-10-01T00:06:08.000+08:00,N,1,161,164,,,,,1,1.01,6.0,0.5,0.5,1.46,0.0,0.0,0.3,8.76,1,0,VFI,VeriFone Inc.,Oct,October,Credit card,,Manhattan,Midtown Center,Yellow Zone,Manhattan,Midtown South,Yellow Zone,2016,10,1,0,0,13,2016,10,1,0,6,8
yellow,2,2016-10-01T00:00:06.000+08:00,2016-10-01T00:12:30.000+08:00,N,1,107,141,,,,,3,2.96,12.0,0.5,0.5,2.66,0.0,0.0,0.3,15.96,1,0,VFI,VeriFone Inc.,Oct,October,Credit card,,Manhattan,Gramercy,Yellow Zone,Manhattan,Lenox Hill West,Yellow Zone,2016,10,1,0,0,6,2016,10,1,0,12,30
yellow,1,2016-10-01T00:00:07.000+08:00,2016-10-01T00:11:15.000+08:00,N,1,148,232,,,,,1,1.5,8.5,0.5,0.5,0.0,0.0,0.0,0.3,9.8,3,0,CMT,"Creative Mobile Technologies, LLC",Oct,October,No charge,,Manhattan,Lower East Side,Yellow Zone,Manhattan,Two Bridges/Seward Park,Yellow Zone,2016,10,1,0,0,7,2016,10,1,0,11,15
yellow,1,2016-10-01T00:00:06.000+08:00,2016-10-01T00:06:27.000+08:00,N,1,144,148,,,,,2,0.7,6.0,0.5,0.5,0.0,0.0,0.0,0.3,7.3,2,0,CMT,"Creative Mobile Technologies, LLC",Oct,October,Cash,,Manhattan,Little Italy/NoLiTa,Yellow Zone,Manhattan,Lower East Side,Yellow Zone,2016,10,1,0,0,6,2016,10,1,0,6,27
yellow,2,2016-10-01T00:00:11.000+08:00,2016-10-01T00:05:23.000+08:00,N,1,137,79,,,,,1,1.13,6.0,0.5,0.5,1.0,0.0,0.0,0.3,8.3,1,0,VFI,VeriFone Inc.,Oct,October,Credit card,,Manhattan,Kips Bay,Yellow Zone,Manhattan,East Village,Yellow Zone,2016,10,1,0,0,11,2016,10,1,0,5,23
yellow,1,2016-10-01T00:00:00.000+08:00,2016-10-01T00:10:45.000+08:00,N,1,80,33,,,,,3,3.4,13.0,0.5,0.5,3.55,0.0,0.0,0.3,17.85,1,0,CMT,"Creative Mobile Technologies, LLC",Oct,October,Credit card,,Brooklyn,East Williamsburg,Boro Zone,Brooklyn,Brooklyn Heights,Boro Zone,2016,10,1,0,0,0,2016,10,1,0,10,45
yellow,1,2016-10-01T00:00:07.000+08:00,2016-10-01T00:19:41.000+08:00,N,1,148,48,,,,,2,4.6,18.0,0.5,0.5,0.0,0.0,0.0,0.3,19.3,2,0,CMT,"Creative Mobile Technologies, LLC",Oct,October,Cash,,Manhattan,Lower East Side,Yellow Zone,Manhattan,Clinton East,Yellow Zone,2016,10,1,0,0,7,2016,10,1,0,19,41
yellow,1,2016-10-01T00:00:04.000+08:00,2016-10-01T00:10:41.000+08:00,N,1,138,92,,,,,1,3.7,13.0,0.5,0.5,3.0,0.0,0.0,0.3,17.3,1,0,CMT,"Creative Mobile Technologies, LLC",Oct,October,Credit card,,Queens,LaGuardia Airport,Airports,Queens,Flushing,Boro Zone,2016,10,1,0,0,4,2016,10,1,0,10,41
yellow,2,2016-10-01T00:00:04.000+08:00,2016-10-01T00:19:00.000+08:00,N,1,79,13,,,,,1,3.13,15.0,0.5,0.5,3.26,0.0,0.0,0.3,19.56,1,0,VFI,VeriFone Inc.,Oct,October,Credit card,,Manhattan,East Village,Yellow Zone,Manhattan,Battery Park City,Yellow Zone,2016,10,1,0,0,4,2016,10,1,0,19,0
yellow,2,2016-10-01T00:00:01.000+08:00,2016-10-01T00:07:17.000+08:00,N,1,113,68,,,,,1,1.22,6.5,0.5,0.5,1.95,0.0,0.0,0.3,9.75,1,0,VFI,VeriFone Inc.,Oct,October,Credit card,,Manhattan,Greenwich Village North,Yellow Zone,Manhattan,East Chelsea,Yellow Zone,2016,10,1,0,0,1,2016,10,1,0,7,17
yellow,2,2016-10-01T00:00:12.000+08:00,2016-10-01T00:18:45.000+08:00,N,1,68,125,,,,,1,2.75,13.5,0.5,0.5,2.96,0.0,0.0,0.3,17.76,1,0,VFI,VeriFone Inc.,Oct,October,Credit card,,Manhattan,East Chelsea,Yellow Zone,Manhattan,Hudson Sq,Yellow Zone,2016,10,1,0,0,12,2016,10,1,0,18,45
yellow,2,2016-10-01T00:00:10.000+08:00,2016-10-01T00:07:33.000+08:00,N,1,234,107,,,,,5,1.12,7.0,0.5,0.5,2.08,0.0,0.0,0.3,10.38,1,0,VFI,VeriFone Inc.,Oct,October,Credit card,,Manhattan,Union Sq,Yellow Zone,Manhattan,Gramercy,Yellow Zone,2016,10,1,0,0,10,2016,10,1,0,7,33
yellow,1,2016-10-01T00:00:09.000+08:00,2016-10-01T00:14:45.000+08:00,N,1,90,148,,,,,1,1.9,10.5,0.5,0.5,0.0,0.0,0.0,0.3,11.8,2,0,CMT,"Creative Mobile Technologies, LLC",Oct,October,Cash,,Manhattan,Flatiron,Yellow Zone,Manhattan,Lower East Side,Yellow Zone,2016,10,1,0,0,9,2016,10,1,0,14,45
yellow,1,2016-10-01T00:00:03.000+08:00,2016-10-01T01:01:11.000+08:00,N,2,132,113,,,,,1,18.9,52.0,0.0,0.5,8.0,0.0,0.0,0.3,60.8,1,0,CMT,"Creative Mobile Technologies, LLC",Oct,October,Credit card,,Queens,JFK Airport,Airports,Manhattan,Greenwich Village North,Yellow Zone,2016,10,1,0,0,3,2016,10,1,1,1,11
yellow,2,2016-10-01T00:00:11.000+08:00,2016-10-01T00:18:44.000+08:00,N,1,237,50,,,,,1,2.36,13.0,0.5,0.5,2.0,0.0,0.0,0.3,16.3,1,0,VFI,VeriFone Inc.,Oct,October,Credit card,,Manhattan,Upper East Side South,Yellow Zone,Manhattan,Clinton West,Yellow Zone,2016,10,1,0,0,11,2016,10,1,0,18,44
yellow,1,2016-10-01T00:00:10.000+08:00,2016-10-01T00:28:04.000+08:00,N,1,49,100,,,,,1,6.8,24.5,0.5,0.5,0.0,0.0,0.0,0.3,25.8,1,0,CMT,"Creative Mobile Technologies, LLC",Oct,October,Credit card,,Brooklyn,Clinton Hill,Boro Zone,Manhattan,Garment District,Yellow Zone,2016,10,1,0,0,10,2016,10,1,0,28,4
yellow,1,2016-10-01T00:00:13.000+08:00,2016-10-01T00:12:17.000+08:00,N,1,186,170,,,,,1,1.1,9.0,0.5,0.5,2.0,0.0,0.0,0.3,12.3,1,0,CMT,"Creative Mobile Technologies, LLC",Oct,October,Credit card,,Manhattan,Penn Station/Madison Sq West,Yellow Zone,Manhattan,Murray Hill,Yellow Zone,2016,10,1,0,0,13,2016,10,1,0,12,17
yellow,1,2016-10-01T00:00:01.000+08:00,2016-10-01T00:21:44.000+08:00,N,1,170,244,,,,,1,8.5,26.5,0.5,0.5,6.95,0.0,0.0,0.3,34.75,1,0,CMT,"Creative Mobile Technologies, LLC",Oct,October,Credit card,,Manhattan,Murray Hill,Yellow Zone,Manhattan,Washington Heights South,Boro Zone,2016,10,1,0,0,1,2016,10,1,0,21,44
yellow,1,2016-10-01T00:00:09.000+08:00,2016-10-01T00:08:40.000+08:00,N,1,148,90,,,,,2,1.8,8.5,0.5,0.5,1.5,0.0,0.0,0.3,11.3,1,0,CMT,"Creative Mobile Technologies, LLC",Oct,October,Credit card,,Manhattan,Lower East Side,Yellow Zone,Manhattan,Flatiron,Yellow Zone,2016,10,1,0,0,9,2016,10,1,0,8,40
yellow,1,2016-10-01T00:00:08.000+08:00,2016-10-01T00:05:23.000+08:00,N,1,68,48,,,,,1,0.8,5.5,0.5,0.5,1.35,0.0,0.0,0.3,8.15,1,0,CMT,"Creative Mobile Technologies, LLC",Oct,October,Credit card,,Manhattan,East Chelsea,Yellow Zone,Manhattan,Clinton East,Yellow Zone,2016,10,1,0,0,8,2016,10,1,0,5,23
yellow,2,2016-10-01T00:00:10.000+08:00,2016-10-01T00:10:30.000+08:00,N,1,186,50,,,,,1,1.96,9.0,0.5,0.5,0.0,0.0,0.0,0.3,10.3,2,0,VFI,VeriFone Inc.,Oct,October,Cash,,Manhattan,Penn Station/Madison Sq West,Yellow Zone,Manhattan,Clinton West,Yellow Zone,2016,10,1,0,0,10,2016,10,1,0,10,30
yellow,2,2016-10-01T00:00:11.000+08:00,2016-10-01T23:59:01.000+08:00,N,1,246,163,,,,,1,2.33,10.0,0.5,0.5,2.26,0.0,0.0,0.3,13.56,1,0,VFI,VeriFone Inc.,Oct,October,Credit card,,Manhattan,West Chelsea/Hudson Yards,Yellow Zone,Manhattan,Midtown North,Yellow Zone,2016,10,1,0,0,11,2016,10,1,23,59,1
yellow,1,2016-10-01T00:00:03.000+08:00,2016-10-01T00:08:56.000+08:00,N,1,239,244,,,,,1,5.2,15.5,0.5,0.5,3.35,0.0,0.0,0.3,20.15,1,0,CMT,"Creative Mobile Technologies, LLC",Oct,October,Credit card,,Manhattan,Upper West Side South,Yellow Zone,Manhattan,Washington Heights South,Boro Zone,2016,10,1,0,0,3,2016,10,1,0,8,56
yellow,2,2016-10-01T00:00:01.000+08:00,2016-10-01T00:15:43.000+08:00,N,1,170,125,,,,,1,2.48,12.0,0.5,0.5,2.66,0.0,0.0,0.3,15.96,1,0,VFI,VeriFone Inc.,Oct,October,Credit card,,Manhattan,Murray Hill,Yellow Zone,Manhattan,Hudson Sq,Yellow Zone,2016,10,1,0,0,1,2016,10,1,0,15,43
yellow,1,2016-10-01T00:00:08.000+08:00,2016-10-01T00:12:20.000+08:00,N,1,79,87,,,,,1,3.5,13.0,0.5,0.5,2.85,0.0,0.0,0.3,17.15,1,0,CMT,"Creative Mobile Technologies, LLC",Oct,October,Credit card,,Manhattan,East Village,Yellow Zone,Manhattan,Financial District North,Yellow Zone,2016,10,1,0,0,8,2016,10,1,0,12,20
yellow,2,2016-10-01T00:00:00.000+08:00,2016-10-01T00:15:51.000+08:00,N,1,262,107,,,,,5,4.17,15.0,0.5,0.5,2.0,0.0,0.0,0.3,18.3,1,0,VFI,VeriFone Inc.,Oct,October,Credit card,,Manhattan,Yorkville East,Yellow Zone,Manhattan,Gramercy,Yellow Zone,2016,10,1,0,0,0,2016,10,1,0,15,51
yellow,2,2016-10-01T00:00:02.000+08:00,2016-10-01T00:04:10.000+08:00,N,1,237,161,,,,,1,0.67,4.5,0.5,0.5,0.0,0.0,0.0,0.3,5.8,2,0,VFI,VeriFone Inc.,Oct,October,Cash,,Manhattan,Upper East Side South,Yellow Zone,Manhattan,Midtown Center,Yellow Zone,2016,10,1,0,0,2,2016,10,1,0,4,10
yellow,2,2016-10-01T00:00:10.000+08:00,2016-10-01T00:05:45.000+08:00,N,1,125,148,,,,,1,0.94,6.0,0.5,0.5,1.46,0.0,0.0,0.3,8.76,1,0,VFI,VeriFone Inc.,Oct,October,Credit card,,Manhattan,Hudson Sq,Yellow Zone,Manhattan,Lower East Side,Yellow Zone,2016,10,1,0,0,10,2016,10,1,0,5,45
yellow,2,2016-10-01T00:00:02.000+08:00,2016-10-01T00:05:16.000+08:00,N,1,161,230,,,,,4,0.76,5.5,0.5,0.5,0.0,0.0,0.0,0.3,6.8,2,0,VFI,VeriFone Inc.,Oct,October,Cash,,Manhattan,Midtown Center,Yellow Zone,Manhattan,Times Sq/Theatre District,Yellow Zone,2016,10,1,0,0,2,2016,10,1,0,5,16
yellow,1,2016-10-01T00:00:11.000+08:00,2016-10-01T00:12:19.000+08:00,N,1,113,45,,,,,1,1.9,10.0,0.5,0.5,0.0,0.0,0.0,0.3,11.3,2,0,CMT,"Creative Mobile Technologies, LLC",Oct,October,Cash,,Manhattan,Greenwich Village North,Yellow Zone,Manhattan,Chinatown,Yellow Zone,2016,10,1,0,0,11,2016,10,1,0,12,19
yellow,2,2016-10-01T00:00:00.000+08:00,2016-10-01T00:27:49.000+08:00,N,1,186,262,,,,,1,4.35,20.0,0.5,0.5,4.26,0.0,0.0,0.3,25.56,1,0,VFI,VeriFone Inc.,Oct,October,Credit card,,Manhattan,Penn Station/Madison Sq West,Yellow Zone,Manhattan,Yorkville East,Yellow Zone,2016,10,1,0,0,0,2016,10,1,0,27,49
yellow,2,2016-10-01T00:00:00.000+08:00,2016-10-01T00:15:35.000+08:00,N,1,114,100,,,,,4,2.49,12.0,0.5,0.5,0.0,0.0,0.0,0.3,13.3,2,0,VFI,VeriFone Inc.,Oct,October,Cash,,Manhattan,Greenwich Village South,Yellow Zone,Manhattan,Garment District,Yellow Zone,2016,10,1,0,0,0,2016,10,1,0,15,35
yellow,1,2016-10-01T00:00:04.000+08:00,2016-10-01T00:04:52.000+08:00,N,1,162,161,,,,,1,0.9,5.5,0.5,0.5,0.0,0.0,0.0,0.3,6.8,2,0,CMT,"Creative Mobile Technologies, LLC",Oct,October,Cash,,Manhattan,Midtown East,Yellow Zone,Manhattan,Midtown Center,Yellow Zone,2016,10,1,0,0,4,2016,10,1,0,4,52
yellow,2,2016-10-01T00:00:01.000+08:00,2016-10-01T00:07:11.000+08:00,N,1,48,50,,,,,2,1.22,6.5,0.5,0.5,0.0,0.0,0.0,0.3,7.8,1,0,VFI,VeriFone Inc.,Oct,October,Credit card,,Manhattan,Clinton East,Yellow Zone,Manhattan,Clinton West,Yellow Zone,2016,10,1,0,0,1,2016,10,1,0,7,11
yellow,2,2016-10-01T00:00:07.000+08:00,2016-10-01T00:54:40.000+08:00,N,1,132,37,,,,,1,17.86,57.5,0.5,0.5,0.0,0.0,0.0,0.3,58.8,2,0,VFI,VeriFone Inc.,Oct,October,Cash,,Queens,JFK Airport,Airports,Brooklyn,Bushwick South,Boro Zone,2016,10,1,0,0,7,2016,10,1,0,54,40
yellow,2,2016-10-01T00:00:03.000+08:00,2016-10-01T00:09:22.000+08:00,N,1,163,100,,,,,1,1.3,8.0,0.5,0.5,0.0,0.0,0.0,0.3,9.3,2,0,VFI,VeriFone Inc.,Oct,October,Cash,,Manhattan,Midtown North,Yellow Zone,Manhattan,Garment District,Yellow Zone,2016,10,1,0,0,3,2016,10,1,0,9,22
yellow,1,2016-10-01T00:00:09.000+08:00,2016-10-01T00:10:28.000+08:00,N,1,151,48,,,,,1,3.6,13.0,0.5,0.5,2.85,0.0,0.0,0.3,17.15,1,0,CMT,"Creative Mobile Technologies, LLC",Oct,October,Credit card,,Manhattan,Manhattan Valley,Yellow Zone,Manhattan,Clinton East,Yellow Zone,2016,10,1,0,0,9,2016,10,1,0,10,28
yellow,1,2016-10-01T00:00:05.000+08:00,2016-10-01T00:12:00.000+08:00,N,1,230,68,,,,,1,2.2,10.0,0.5,0.5,2.8,0.0,0.0,0.3,14.1,1,0,CMT,"Creative Mobile Technologies, LLC",Oct,October,Credit card,,Manhattan,Times Sq/Theatre District,Yellow Zone,Manhattan,East Chelsea,Yellow Zone,2016,10,1,0,0,5,2016,10,1,0,12,0
yellow,2,2016-10-01T00:00:06.000+08:00,2016-10-01T00:32:46.000+08:00,N,1,79,29,,,,,1,17.04,47.5,0.5,0.5,0.0,0.0,0.0,0.3,48.8,2,0,VFI,VeriFone Inc.,Oct,October,Cash,,Manhattan,East Village,Yellow Zone,Brooklyn,Brighton Beach,Boro Zone,2016,10,1,0,0,6,2016,10,1,0,32,46
yellow,1,2016-10-01T00:00:12.000+08:00,2016-10-01T00:03:49.000+08:00,N,1,68,90,,,,,1,0.6,4.5,0.5,0.5,1.15,0.0,0.0,0.3,6.95,1,0,CMT,"Creative Mobile Technologies, LLC",Oct,October,Credit card,,Manhattan,East Chelsea,Yellow Zone,Manhattan,Flatiron,Yellow Zone,2016,10,1,0,0,12,2016,10,1,0,3,49
yellow,1,2016-10-01T00:00:04.000+08:00,2016-10-01T00:01:36.000+08:00,N,1,236,236,,,,,1,0.2,3.0,0.5,0.5,1.0,0.0,0.0,0.3,5.3,1,0,CMT,"Creative Mobile Technologies, LLC",Oct,October,Credit card,,Manhattan,Upper East Side North,Yellow Zone,Manhattan,Upper East Side North,Yellow Zone,2016,10,1,0,0,4,2016,10,1,0,1,36
yellow,2,2016-10-01T00:00:12.000+08:00,2016-10-01T00:02:29.000+08:00,N,1,237,263,,,,,1,0.85,4.5,0.5,0.5,0.58,0.0,0.0,0.3,6.38,1,0,VFI,VeriFone Inc.,Oct,October,Credit card,,Manhattan,Upper East Side South,Yellow Zone,Manhattan,Yorkville West,Yellow Zone,2016,10,1,0,0,12,2016,10,1,0,2,29
yellow,1,2016-10-01T00:00:05.000+08:00,2016-10-01T00:33:58.000+08:00,N,2,132,238,,,,,1,19.8,52.0,0.0,0.5,7.0,5.54,0.0,0.3,65.34,1,0,CMT,"Creative Mobile Technologies, LLC",Oct,October,Credit card,,Queens,JFK Airport,Airports,Manhattan,Upper West Side North,Yellow Zone,2016,10,1,0,0,5,2016,10,1,0,33,58
yellow,1,2016-10-01T00:00:05.000+08:00,2016-10-01T00:22:24.000+08:00,N,1,132,260,,,,,1,13.9,39.0,0.5,0.5,4.0,0.0,0.0,0.3,44.3,1,0,CMT,"Creative Mobile Technologies, LLC",Oct,October,Credit card,,Queens,JFK Airport,Airports,Queens,Woodside,Boro Zone,2016,10,1,0,0,5,2016,10,1,0,22,24
yellow,2,2016-10-01T00:00:07.000+08:00,2016-10-01T00:06:13.000+08:00,N,1,107,229,,,,,1,1.43,7.0,0.5,0.5,1.66,0.0,0.0,0.3,9.96,1,0,VFI,VeriFone Inc.,Oct,October,Credit card,,Manhattan,Gramercy,Yellow Zone,Manhattan,Sutton Place/Turtle Bay North,Yellow Zone,2016,10,1,0,0,7,2016,10,1,0,6,13
yellow,2,2016-10-01T00:00:02.000+08:00,2016-10-01T00:15:08.000+08:00,N,1,68,233,,,,,2,2.67,12.5,0.5,0.5,2.76,0.0,0.0,0.3,16.56,1,0,VFI,VeriFone Inc.,Oct,October,Credit card,,Manhattan,East Chelsea,Yellow Zone,Manhattan,UN/Turtle Bay South,Yellow Zone,2016,10,1,0,0,2,2016,10,1,0,15,8
yellow,1,2016-10-01T00:00:10.000+08:00,2016-10-01T00:15:51.000+08:00,N,1,249,257,,,,,1,7.7,22.5,0.5,0.5,3.0,0.0,0.0,0.3,26.8,1,0,CMT,"Creative Mobile Technologies, LLC",Oct,October,Credit card,,Manhattan,West Village,Yellow Zone,Brooklyn,Windsor Terrace,Boro Zone,2016,10,1,0,0,10,2016,10,1,0,15,51
yellow,2,2016-10-01T00:00:12.000+08:00,2016-10-01T00:17:44.000+08:00,N,1,79,140,,,,,2,3.67,15.0,0.5,0.5,3.26,0.0,0.0,0.3,19.56,1,0,VFI,VeriFone Inc.,Oct,October,Credit card,,Manhattan,East Village,Yellow Zone,Manhattan,Lenox Hill East,Yellow Zone,2016,10,1,0,0,12,2016,10,1,0,17,44
yellow,1,2016-10-01T00:00:03.000+08:00,2016-10-01T00:15:29.000+08:00,N,1,234,79,,,,,1,1.7,11.0,0.5,0.5,1.0,0.0,0.0,0.3,13.3,1,0,CMT,"Creative Mobile Technologies, LLC",Oct,October,Credit card,,Manhattan,Union Sq,Yellow Zone,Manhattan,East Village,Yellow Zone,2016,10,1,0,0,3,2016,10,1,0,15,29
yellow,1,2016-10-01T00:00:08.000+08:00,2016-10-01T00:20:16.000+08:00,N,1,79,88,,,,,1,2.6,14.5,0.5,0.5,2.0,0.0,0.0,0.3,17.8,1,0,CMT,"Creative Mobile Technologies, LLC",Oct,October,Credit card,,Manhattan,East Village,Yellow Zone,Manhattan,Financial District South,Yellow Zone,2016,10,1,0,0,8,2016,10,1,0,20,16
yellow,2,2016-10-01T00:00:02.000+08:00,2016-10-01T00:05:50.000+08:00,N,1,24,24,,,,,1,0.69,5.5,0.5,0.5,1.0,0.0,0.0,0.3,7.8,1,0,VFI,VeriFone Inc.,Oct,October,Credit card,,Manhattan,Bloomingdale,Yellow Zone,Manhattan,Bloomingdale,Yellow Zone,2016,10,1,0,0,2,2016,10,1,0,5,50
yellow,1,2016-10-01T00:00:08.000+08:00,2016-10-01T00:02:48.000+08:00,N,1,255,112,,,,,1,0.8,4.5,0.5,0.5,1.0,0.0,0.0,0.3,6.8,1,0,CMT,"Creative Mobile Technologies, LLC",Oct,October,Credit card,,Brooklyn,Williamsburg (North Side),Boro Zone,Brooklyn,Greenpoint,Boro Zone,2016,10,1,0,0,8,2016,10,1,0,2,48
yellow,2,2016-10-01T00:00:07.000+08:00,2016-10-01T00:10:19.000+08:00,N,1,112,148,,,,,2,3.43,12.5,0.5,0.5,0.0,0.0,0.0,0.3,13.8,2,0,VFI,VeriFone Inc.,Oct,October,Cash,,Brooklyn,Greenpoint,Boro Zone,Manhattan,Lower East Side,Yellow Zone,2016,10,1,0,0,7,2016,10,1,0,10,19
yellow,2,2016-10-01T00:00:02.000+08:00,2016-10-01T00:07:53.000+08:00,N,1,151,239,,,,,1,1.35,7.5,0.5,0.5,0.0,0.0,0.0,0.3,8.8,1,0,VFI,VeriFone Inc.,Oct,October,Credit card,,Manhattan,Manhattan Valley,Yellow Zone,Manhattan,Upper West Side South,Yellow Zone,2016,10,1,0,0,2,2016,10,1,0,7,53
yellow,2,2016-10-01T00:00:02.000+08:00,2016-10-01T00:04:52.000+08:00,N,1,79,113,,,,,1,0.58,5.0,0.5,0.5,1.0,0.0,0.0,0.3,7.3,1,0,VFI,VeriFone Inc.,Oct,October,Credit card,,Manhattan,East Village,Yellow Zone,Manhattan,Greenwich Village North,Yellow Zone,2016,10,1,0,0,2,2016,10,1,0,4,52
yellow,1,2016-10-01T00:00:07.000+08:00,2016-10-01T00:14:05.000+08:00,N,1,158,144,,,,,2,1.9,10.5,0.5,0.5,0.0,0.0,0.0,0.3,11.8,2,0,CMT,"Creative Mobile Technologies, LLC",Oct,October,Cash,,Manhattan,Meatpacking/West Village West,Yellow Zone,Manhattan,Little Italy/NoLiTa,Yellow Zone,2016,10,1,0,0,7,2016,10,1,0,14,5
yellow,2,2016-10-01T00:00:00.000+08:00,2016-10-01T00:03:45.000+08:00,N,1,161,164,,,,,6,0.86,5.0,0.5,0.5,0.0,0.0,0.0,0.3,6.3,1,0,VFI,VeriFone Inc.,Oct,October,Credit card,,Manhattan,Midtown Center,Yellow Zone,Manhattan,Midtown South,Yellow Zone,2016,10,1,0,0,0,2016,10,1,0,3,45
yellow,1,2016-10-01T00:00:12.000+08:00,2016-10-01T00:11:39.000+08:00,N,1,107,237,,,,,1,2.8,11.0,0.5,0.5,3.08,0.0,0.0,0.3,15.38,1,0,CMT,"Creative Mobile Technologies, LLC",Oct,October,Credit card,,Manhattan,Gramercy,Yellow Zone,Manhattan,Upper East Side South,Yellow Zone,2016,10,1,0,0,12,2016,10,1,0,11,39
yellow,1,2016-10-01T00:00:04.000+08:00,2016-10-01T00:23:36.000+08:00,N,1,158,140,,,,,2,5.3,20.0,0.5,0.5,0.0,0.0,0.0,0.3,21.3,2,0,CMT,"Creative Mobile Technologies, LLC",Oct,October,Cash,,Manhattan,Meatpacking/West Village West,Yellow Zone,Manhattan,Lenox Hill East,Yellow Zone,2016,10,1,0,0,4,2016,10,1,0,23,36
yellow,2,2016-10-01T00:00:00.000+08:00,2016-10-01T00:03:22.000+08:00,N,1,163,230,,,,,5,0.66,4.5,0.5,0.5,0.0,0.0,0.0,0.3,5.8,2,0,VFI,VeriFone Inc.,Oct,October,Cash,,Manhattan,Midtown North,Yellow Zone,Manhattan,Times Sq/Theatre District,Yellow Zone,2016,10,1,0,0,0,2016,10,1,0,3,22
yellow,2,2016-10-01T00:00:00.000+08:00,2016-10-01T00:14:33.000+08:00,N,1,87,158,,,,,2,3.81,14.5,0.5,0.5,0.0,0.0,0.0,0.3,15.8,2,0,VFI,VeriFone Inc.,Oct,October,Cash,,Manhattan,Financial District North,Yellow Zone,Manhattan,Meatpacking/West Village West,Yellow Zone,2016,10,1,0,0,0,2016,10,1,0,14,33
yellow,2,2016-10-01T00:00:08.000+08:00,2016-10-01T00:21:01.000+08:00,N,1,132,89,,,,,1,14.03,38.5,0.5,0.5,0.0,0.0,0.0,0.3,39.8,2,0,VFI,VeriFone Inc.,Oct,October,Cash,,Queens,JFK Airport,Airports,Brooklyn,Flatbush/Ditmas Park,Boro Zone,2016,10,1,0,0,8,2016,10,1,0,21,1
yellow,1,2016-10-01T00:00:06.000+08:00,2016-10-01T00:02:46.000+08:00,N,1,234,113,,,,,1,0.5,4.0,0.5,0.5,1.05,0.0,0.0,0.3,6.35,1,0,CMT,"Creative Mobile Technologies, LLC",Oct,October,Credit card,,Manhattan,Union Sq,Yellow Zone,Manhattan,Greenwich Village North,Yellow Zone,2016,10,1,0,0,6,2016,10,1,0,2,46
yellow,2,2016-10-01T00:00:07.000+08:00,2016-10-01T00:03:50.000+08:00,N,1,48,50,,,,,1,0.8,5.0,0.5,0.5,1.26,0.0,0.0,0.3,7.56,1,0,VFI,VeriFone Inc.,Oct,October,Credit card,,Manhattan,Clinton East,Yellow Zone,Manhattan,Clinton West,Yellow Zone,2016,10,1,0,0,7,2016,10,1,0,3,50
yellow,1,2016-10-01T00:00:02.000+08:00,2016-10-01T00:05:15.000+08:00,N,1,144,148,,,,,1,0.7,5.5,0.5,0.5,0.0,0.0,0.0,0.3,6.8,2,0,CMT,"Creative Mobile Technologies, LLC",Oct,October,Cash,,Manhattan,Little Italy/NoLiTa,Yellow Zone,Manhattan,Lower East Side,Yellow Zone,2016,10,1,0,0,2,2016,10,1,0,5,15
yellow,1,2016-10-01T00:00:01.000+08:00,2016-10-01T00:07:55.000+08:00,N,1,148,79,,,,,1,0.5,6.5,0.5,0.5,0.0,0.0,0.0,0.3,7.8,2,0,CMT,"Creative Mobile Technologies, LLC",Oct,October,Cash,,Manhattan,Lower East Side,Yellow Zone,Manhattan,East Village,Yellow Zone,2016,10,1,0,0,1,2016,10,1,0,7,55
yellow,1,2016-10-01T00:00:03.000+08:00,2016-10-01T00:18:21.000+08:00,N,1,79,140,,,,,1,3.4,14.5,0.5,0.5,0.0,0.0,0.0,0.3,15.8,2,0,CMT,"Creative Mobile Technologies, LLC",Oct,October,Cash,,Manhattan,East Village,Yellow Zone,Manhattan,Lenox Hill East,Yellow Zone,2016,10,1,0,0,3,2016,10,1,0,18,21
yellow,2,2016-10-01T00:00:01.000+08:00,2016-10-01T00:06:27.000+08:00,N,1,234,170,,,,,3,1.33,7.0,0.5,0.5,0.0,0.0,0.0,0.3,8.3,2,0,VFI,VeriFone Inc.,Oct,October,Cash,,Manhattan,Union Sq,Yellow Zone,Manhattan,Murray Hill,Yellow Zone,2016,10,1,0,0,1,2016,10,1,0,6,27
yellow,1,2016-10-01T00:00:07.000+08:00,2016-10-01T00:36:53.000+08:00,N,1,151,49,,,,,1,10.7,34.0,0.5,0.5,7.05,0.0,0.0,0.3,42.35,1,0,CMT,"Creative Mobile Technologies, LLC",Oct,October,Credit card,,Manhattan,Manhattan Valley,Yellow Zone,Brooklyn,Clinton Hill,Boro Zone,2016,10,1,0,0,7,2016,10,1,0,36,53
yellow,2,2016-10-01T00:00:02.000+08:00,2016-10-01T00:13:18.000+08:00,N,1,239,116,,,,,1,4.04,13.5,0.5,0.5,2.96,0.0,0.0,0.3,17.76,1,0,VFI,VeriFone Inc.,Oct,October,Credit card,,Manhattan,Upper West Side South,Yellow Zone,Manhattan,Hamilton Heights,Boro Zone,2016,10,1,0,0,2,2016,10,1,0,13,18
yellow,2,2016-10-01T00:00:01.000+08:00,2016-10-01T00:18:12.000+08:00,N,1,50,74,,,,,4,5.91,19.5,0.5,0.5,4.16,0.0,0.0,0.3,24.96,1,0,VFI,VeriFone Inc.,Oct,October,Credit card,,Manhattan,Clinton West,Yellow Zone,Manhattan,East Harlem North,Boro Zone,2016,10,1,0,0,1,2016,10,1,0,18,12
yellow,1,2016-10-01T00:00:11.000+08:00,2016-10-01T00:09:08.000+08:00,N,1,87,144,,,,,1,1.1,7.5,0.5,0.5,0.0,0.0,0.0,0.3,8.8,1,0,CMT,"Creative Mobile Technologies, LLC",Oct,October,Credit card,,Manhattan,Financial District North,Yellow Zone,Manhattan,Little Italy/NoLiTa,Yellow Zone,2016,10,1,0,0,11,2016,10,1,0,9,8
yellow,2,2016-10-01T00:00:10.000+08:00,2016-10-01T00:18:32.000+08:00,N,1,163,79,,,,,1,2.45,13.0,0.5,0.5,0.0,0.0,0.0,0.3,14.3,2,0,VFI,VeriFone Inc.,Oct,October,Cash,,Manhattan,Midtown North,Yellow Zone,Manhattan,East Village,Yellow Zone,2016,10,1,0,0,10,2016,10,1,0,18,32
yellow,1,2016-10-01T00:00:12.000+08:00,2016-10-01T00:07:40.000+08:00,N,1,143,143,,,,,3,1.5,7.5,0.5,0.5,0.0,0.0,0.0,0.3,8.8,2,0,CMT,"Creative Mobile Technologies, LLC",Oct,October,Cash,,Manhattan,Lincoln Square West,Yellow Zone,Manhattan,Lincoln Square West,Yellow Zone,2016,10,1,0,0,12,2016,10,1,0,7,40
yellow,1,2016-10-01T00:00:07.000+08:00,2016-10-01T00:16:46.000+08:00,N,1,68,79,,,,,1,2.0,12.0,0.5,0.5,2.65,0.0,0.0,0.3,15.95,1,0,CMT,"Creative Mobile Technologies, LLC",Oct,October,Credit card,,Manhattan,East Chelsea,Yellow Zone,Manhattan,East Village,Yellow Zone,2016,10,1,0,0,7,2016,10,1,0,16,46
yellow,1,2016-10-01T00:00:09.000+08:00,2016-10-01T00:17:52.000+08:00,N,1,230,148,,,,,1,3.1,13.5,0.5,0.5,1.0,0.0,0.0,0.3,15.8,1,0,CMT,"Creative Mobile Technologies, LLC",Oct,October,Credit card,,Manhattan,Times Sq/Theatre District,Yellow Zone,Manhattan,Lower East Side,Yellow Zone,2016,10,1,0,0,9,2016,10,1,0,17,52
yellow,2,2016-10-01T00:00:10.000+08:00,2016-10-01T00:02:34.000+08:00,N,1,48,50,,,,,3,0.34,3.5,0.5,0.5,0.0,0.0,0.0,0.3,4.8,2,0,VFI,VeriFone Inc.,Oct,October,Cash,,Manhattan,Clinton East,Yellow Zone,Manhattan,Clinton West,Yellow Zone,2016,10,1,0,0,10,2016,10,1,0,2,34
yellow,2,2016-10-01T00:00:01.000+08:00,2016-10-01T00:22:19.000+08:00,N,1,186,140,,,,,1,3.82,16.5,0.5,0.5,3.56,0.0,0.0,0.3,21.36,1,0,VFI,VeriFone Inc.,Oct,October,Credit card,,Manhattan,Penn Station/Madison Sq West,Yellow Zone,Manhattan,Lenox Hill East,Yellow Zone,2016,10,1,0,0,1,2016,10,1,0,22,19
yellow,2,2016-10-01T00:00:03.000+08:00,2016-10-01T00:13:13.000+08:00,N,1,158,144,,,,,5,1.72,9.5,0.5,0.5,0.0,0.0,0.0,0.3,10.8,2,0,VFI,VeriFone Inc.,Oct,October,Cash,,Manhattan,Meatpacking/West Village West,Yellow Zone,Manhattan,Little Italy/NoLiTa,Yellow Zone,2016,10,1,0,0,3,2016,10,1,0,13,13
green,2,2016-10-01T00:00:48.000+08:00,2016-10-01T00:01:12.000+08:00,N,1,69,69,,,,,6,0.03,2.5,0.5,0.5,0.0,0.0,,0.3,3.8,2,1,VFI,VeriFone Inc.,Oct,October,Cash,Standard rate,Bronx,East Concourse/Concourse Village,Boro Zone,Bronx,East Concourse/Concourse Village,Boro Zone,2016,10,1,0,0,48,2016,10,1,0,1,12
green,2,2016-10-01T00:01:46.000+08:00,2016-10-01T00:12:13.000+08:00,N,1,20,3,,,,,1,2.2,10.0,0.5,0.5,0.0,0.0,,0.3,11.3,2,1,VFI,VeriFone Inc.,Oct,October,Cash,Standard rate,Bronx,Belmont,Boro Zone,Bronx,Allerton/Pelham Gardens,Boro Zone,2016,10,1,0,1,46,2016,10,1,0,12,13
green,2,2016-10-01T00:03:32.000+08:00,2016-10-01T00:05:53.000+08:00,N,1,66,33,,,,,1,0.83,4.5,0.5,0.5,0.0,0.0,,0.3,5.8,2,1,VFI,VeriFone Inc.,Oct,October,Cash,Standard rate,Brooklyn,DUMBO/Vinegar Hill,Boro Zone,Brooklyn,Brooklyn Heights,Boro Zone,2016,10,1,0,3,32,2016,10,1,0,5,53
green,2,2016-10-01T00:01:13.000+08:00,2016-10-01T00:05:42.000+08:00,N,1,74,75,,,,,1,1.0,5.5,0.5,0.5,0.0,0.0,,0.3,6.8,2,1,VFI,VeriFone Inc.,Oct,October,Cash,Standard rate,Manhattan,East Harlem North,Boro Zone,Manhattan,East Harlem South,Boro Zone,2016,10,1,0,1,13,2016,10,1,0,5,42
green,2,2016-10-01T00:37:09.000+08:00,2016-10-01T00:46:28.000+08:00,N,1,65,189,,,,,1,2.01,9.0,0.5,0.5,0.0,0.0,,0.3,10.3,2,1,VFI,VeriFone Inc.,Oct,October,Cash,Standard rate,Brooklyn,Downtown Brooklyn/MetroTech,Boro Zone,Brooklyn,Prospect Heights,Boro Zone,2016,10,1,0,37,9,2016,10,1,0,46,28
green,2,2016-10-01T00:03:15.000+08:00,2016-10-01T00:07:20.000+08:00,N,1,255,255,,,,,1,0.53,4.5,0.5,0.5,1.45,0.0,,0.3,7.25,1,1,VFI,VeriFone Inc.,Oct,October,Credit card,Standard rate,Brooklyn,Williamsburg (North Side),Boro Zone,Brooklyn,Williamsburg (North Side),Boro Zone,2016,10,1,0,3,15,2016,10,1,0,7,20
green,2,2016-10-01T00:50:46.000+08:00,2016-10-01T00:59:59.000+08:00,N,1,256,36,,,,,2,2.2,9.5,0.5,0.5,0.0,0.0,,0.3,10.8,2,1,VFI,VeriFone Inc.,Oct,October,Cash,Standard rate,Brooklyn,Williamsburg (South Side),Boro Zone,Brooklyn,Bushwick North,Boro Zone,2016,10,1,0,50,46,2016,10,1,0,59,59
green,2,2016-10-01T00:02:11.000+08:00,2016-10-01T00:06:54.000+08:00,N,1,255,256,,,,,1,0.88,5.0,0.5,0.5,0.0,0.0,,0.3,6.3,2,1,VFI,VeriFone Inc.,Oct,October,Cash,Standard rate,Brooklyn,Williamsburg (North Side),Boro Zone,Brooklyn,Williamsburg (South Side),Boro Zone,2016,10,1,0,2,11,2016,10,1,0,6,54
green,2,2016-10-01T00:03:40.000+08:00,2016-10-01T00:08:45.000+08:00,N,1,225,61,,,,,1,1.26,6.0,0.5,0.5,0.0,0.0,,0.3,7.3,1,1,VFI,VeriFone Inc.,Oct,October,Credit card,Standard rate,Brooklyn,Stuyvesant Heights,Boro Zone,Brooklyn,Crown Heights North,Boro Zone,2016,10,1,0,3,40,2016,10,1,0,8,45
green,2,2016-10-01T00:02:58.000+08:00,2016-10-01T00:14:55.000+08:00,N,1,255,112,,,,,1,1.68,9.5,0.5,0.5,0.0,0.0,,0.3,10.8,2,1,VFI,VeriFone Inc.,Oct,October,Cash,Standard rate,Brooklyn,Williamsburg (North Side),Boro Zone,Brooklyn,Greenpoint,Boro Zone,2016,10,1,0,2,58,2016,10,1,0,14,55
green,2,2016-10-01T00:01:25.000+08:00,2016-10-01T00:05:08.000+08:00,N,1,41,42,,,,,2,0.87,5.0,0.5,0.5,0.0,0.0,,0.3,6.3,2,1,VFI,VeriFone Inc.,Oct,October,Cash,Standard rate,Manhattan,Central Harlem,Boro Zone,Manhattan,Central Harlem North,Boro Zone,2016,10,1,0,1,25,2016,10,1,0,5,8
green,2,2016-10-01T00:02:59.000+08:00,2016-10-01T00:07:10.000+08:00,N,1,188,188,,,,,1,1.07,5.5,0.5,0.5,0.0,0.0,,0.3,6.8,2,1,VFI,VeriFone Inc.,Oct,October,Cash,Standard rate,Brooklyn,Prospect-Lefferts Gardens,Boro Zone,Brooklyn,Prospect-Lefferts Gardens,Boro Zone,2016,10,1,0,2,59,2016,10,1,0,7,10
green,2,2016-10-01T00:03:41.000+08:00,2016-10-01T00:04:28.000+08:00,N,5,61,61,,,,,2,0.0,30.0,0.0,0.0,5.0,0.0,,0.0,35.0,1,2,VFI,VeriFone Inc.,Oct,October,Credit card,Negotiated fare,Brooklyn,Crown Heights North,Boro Zone,Brooklyn,Crown Heights North,Boro Zone,2016,10,1,0,3,41,2016,10,1,0,4,28
green,2,2016-10-01T00:00:41.000+08:00,2016-10-01T00:14:33.000+08:00,N,1,36,61,,,,,1,3.49,13.0,0.5,0.5,2.86,0.0,,0.3,17.16,1,1,VFI,VeriFone Inc.,Oct,October,Credit card,Standard rate,Brooklyn,Bushwick North,Boro Zone,Brooklyn,Crown Heights North,Boro Zone,2016,10,1,0,0,41,2016,10,1,0,14,33
green,2,2016-10-01T00:03:14.000+08:00,2016-10-01T00:12:05.000+08:00,N,1,112,145,,,,,1,2.23,9.5,0.5,0.5,2.16,0.0,,0.3,12.96,1,1,VFI,VeriFone Inc.,Oct,October,Credit card,Standard rate,Brooklyn,Greenpoint,Boro Zone,Queens,Long Island City/Hunters Point,Boro Zone,2016,10,1,0,3,14,2016,10,1,0,12,5
green,2,2016-10-01T00:37:46.000+08:00,2016-10-01T00:48:49.000+08:00,N,1,130,122,,,,,2,3.13,12.0,0.5,0.5,2.66,0.0,,0.3,15.96,1,1,VFI,VeriFone Inc.,Oct,October,Credit card,Standard rate,Queens,Jamaica,Boro Zone,Queens,Hollis,Boro Zone,2016,10,1,0,37,46,2016,10,1,0,48,49
green,2,2016-10-01T00:00:05.000+08:00,2016-10-01T00:12:22.000+08:00,N,1,255,61,,,,,1,3.49,12.5,0.5,0.5,3.45,0.0,,0.3,17.25,1,1,VFI,VeriFone Inc.,Oct,October,Credit card,Standard rate,Brooklyn,Williamsburg (North Side),Boro Zone,Brooklyn,Crown Heights North,Boro Zone,2016,10,1,0,0,5,2016,10,1,0,12,22
green,2,2016-10-01T00:03:05.000+08:00,2016-10-01T00:04:05.000+08:00,N,1,188,188,,,,,1,0.21,3.0,0.5,0.5,0.0,0.0,,0.3,4.3,2,1,VFI,VeriFone Inc.,Oct,October,Cash,Standard rate,Brooklyn,Prospect-Lefferts Gardens,Boro Zone,Brooklyn,Prospect-Lefferts Gardens,Boro Zone,2016,10,1,0,3,5,2016,10,1,0,4,5
green,2,2016-10-01T00:00:51.000+08:00,2016-10-01T00:06:48.000+08:00,N,1,95,56,,,,,1,1.58,7.0,0.5,0.5,0.0,0.0,,0.3,8.3,2,1,VFI,VeriFone Inc.,Oct,October,Cash,Standard rate,Queens,Forest Hills,Boro Zone,Queens,Corona,Boro Zone,2016,10,1,0,0,51,2016,10,1,0,6,48
green,2,2016-10-01T00:05:05.000+08:00,2016-10-01T00:07:11.000+08:00,N,1,74,74,,,,,1,0.54,4.0,0.5,0.5,0.0,0.0,,0.3,5.3,2,1,VFI,VeriFone Inc.,Oct,October,Cash,Standard rate,Manhattan,East Harlem North,Boro Zone,Manhattan,East Harlem North,Boro Zone,2016,10,1,0,5,5,2016,10,1,0,7,11
green,2,2016-10-01T00:00:54.000+08:00,2016-10-01T00:05:56.000+08:00,N,1,244,42,,,,,1,0.86,5.5,0.5,0.5,0.0,0.0,,0.3,6.8,2,1,VFI,VeriFone Inc.,Oct,October,Cash,Standard rate,Manhattan,Washington Heights South,Boro Zone,Manhattan,Central Harlem North,Boro Zone,2016,10,1,0,0,54,2016,10,1,0,5,56
green,2,2016-10-01T00:01:25.000+08:00,2016-10-01T00:07:59.000+08:00,N,1,223,7,,,,,1,1.64,7.5,0.5,0.5,2.2,0.0,,0.3,11.0,1,1,VFI,VeriFone Inc.,Oct,October,Credit card,Standard rate,Queens,Steinway,Boro Zone,Queens,Astoria,Boro Zone,2016,10,1,0,1,25,2016,10,1,0,7,59
green,2,2016-10-01T00:01:45.000+08:00,2016-10-01T00:17:15.000+08:00,N,1,247,237,,,,,1,4.76,16.0,0.5,0.5,0.0,0.0,,0.3,17.3,2,1,VFI,VeriFone Inc.,Oct,October,Cash,Standard rate,Bronx,West Concourse,Boro Zone,Manhattan,Upper East Side South,Yellow Zone,2016,10,1,0,1,45,2016,10,1,0,17,15
green,2,2016-10-01T00:01:06.000+08:00,2016-10-01T00:11:48.000+08:00,N,1,112,40,,,,,2,5.83,17.5,0.5,0.5,0.0,0.0,,0.3,18.8,2,1,VFI,VeriFone Inc.,Oct,October,Cash,Standard rate,Brooklyn,Greenpoint,Boro Zone,Brooklyn,Carroll Gardens,Boro Zone,2016,10,1,0,1,6,2016,10,1,0,11,48
green,2,2016-10-01T00:10:36.000+08:00,2016-10-01T00:21:00.000+08:00,N,1,49,40,,,,,1,2.21,10.0,0.5,0.5,0.0,0.0,,0.3,11.3,2,1,VFI,VeriFone Inc.,Oct,October,Cash,Standard rate,Brooklyn,Clinton Hill,Boro Zone,Brooklyn,Carroll Gardens,Boro Zone,2016,10,1,0,10,36,2016,10,1,0,21,0
green,2,2016-10-01T00:03:54.000+08:00,2016-10-01T00:17:52.000+08:00,N,1,112,7,,,,,1,2.91,12.5,0.5,0.5,3.45,0.0,,0.3,17.25,1,1,VFI,VeriFone Inc.,Oct,October,Credit card,Standard rate,Brooklyn,Greenpoint,Boro Zone,Queens,Astoria,Boro Zone,2016,10,1,0,3,54,2016,10,1,0,17,52
green,2,2016-10-01T00:01:18.000+08:00,2016-10-01T00:15:57.000+08:00,N,1,130,191,,,,,1,4.34,14.5,0.5,0.5,3.0,0.0,,0.3,18.8,1,1,VFI,VeriFone Inc.,Oct,October,Credit card,Standard rate,Queens,Jamaica,Boro Zone,Queens,Queens Village,Boro Zone,2016,10,1,0,1,18,2016,10,1,0,15,57
green,2,2016-10-01T00:04:38.000+08:00,2016-10-01T00:07:50.000+08:00,N,1,255,255,,,,,1,0.49,4.0,0.5,0.5,0.0,0.0,,0.3,5.3,1,1,VFI,VeriFone Inc.,Oct,October,Credit card,Standard rate,Brooklyn,Williamsburg (North Side),Boro Zone,Brooklyn,Williamsburg (North Side),Boro Zone,2016,10,1,0,4,38,2016,10,1,0,7,50
green,2,2016-10-01T00:52:27.000+08:00,2016-10-01T01:22:24.000+08:00,N,1,256,89,,,,,1,9.79,31.5,0.5,0.5,0.0,0.0,,0.3,32.8,2,1,VFI,VeriFone Inc.,Oct,October,Cash,Standard rate,Brooklyn,Williamsburg (South Side),Boro Zone,Brooklyn,Flatbush/Ditmas Park,Boro Zone,2016,10,1,0,52,27,2016,10,1,1,22,24
green,2,2016-10-01T00:03:49.000+08:00,2016-10-01T00:08:07.000+08:00,N,1,145,112,,,,,1,1.23,6.0,0.5,0.5,1.46,0.0,,0.3,8.76,1,1,VFI,VeriFone Inc.,Oct,October,Credit card,Standard rate,Queens,Long Island City/Hunters Point,Boro Zone,Brooklyn,Greenpoint,Boro Zone,2016,10,1,0,3,49,2016,10,1,0,8,7
green,2,2016-10-01T00:01:40.000+08:00,2016-10-01T00:05:58.000+08:00,N,1,95,95,,,,,1,0.67,5.0,0.5,0.5,0.0,0.0,,0.3,6.3,2,1,VFI,VeriFone Inc.,Oct,October,Cash,Standard rate,Queens,Forest Hills,Boro Zone,Queens,Forest Hills,Boro Zone,2016,10,1,0,1,40,2016,10,1,0,5,58
green,2,2016-10-01T00:00:56.000+08:00,2016-10-01T00:15:17.000+08:00,N,1,35,17,,,,,1,2.57,12.0,0.5,0.5,2.66,0.0,,0.3,17.91,1,1,VFI,VeriFone Inc.,Oct,October,Credit card,Standard rate,Brooklyn,Brownsville,Boro Zone,Brooklyn,Bedford,Boro Zone,2016,10,1,0,0,56,2016,10,1,0,15,17
green,2,2016-10-01T00:08:08.000+08:00,2016-10-01T00:08:12.000+08:00,N,1,41,41,,,,,1,0.0,2.5,0.5,0.5,0.0,0.0,,0.3,3.8,2,1,VFI,VeriFone Inc.,Oct,October,Cash,Standard rate,Manhattan,Central Harlem,Boro Zone,Manhattan,Central Harlem,Boro Zone,2016,10,1,0,8,8,2016,10,1,0,8,12
green,2,2016-10-01T00:03:01.000+08:00,2016-10-01T00:36:20.000+08:00,N,1,243,147,,,,,1,5.19,23.5,0.5,0.5,0.0,0.0,,0.3,24.8,2,1,VFI,VeriFone Inc.,Oct,October,Cash,Standard rate,Manhattan,Washington Heights North,Boro Zone,Bronx,Longwood,Boro Zone,2016,10,1,0,3,1,2016,10,1,0,36,20
green,2,2016-10-01T00:01:06.000+08:00,2016-10-01T00:11:09.000+08:00,N,1,256,17,,,,,1,2.5,10.0,0.5,0.5,2.26,0.0,,0.3,13.56,1,1,VFI,VeriFone Inc.,Oct,October,Credit card,Standard rate,Brooklyn,Williamsburg (South Side),Boro Zone,Brooklyn,Bedford,Boro Zone,2016,10,1,0,1,6,2016,10,1,0,11,9
green,2,2016-10-01T00:03:25.000+08:00,2016-10-01T00:09:05.000+08:00,N,1,74,236,,,,,2,1.75,7.0,0.5,0.5,1.66,0.0,,0.3,9.96,1,1,VFI,VeriFone Inc.,Oct,October,Credit card,Standard rate,Manhattan,East Harlem North,Boro Zone,Manhattan,Upper East Side North,Yellow Zone,2016,10,1,0,3,25,2016,10,1,0,9,5
green,2,2016-10-01T00:00:18.000+08:00,2016-10-01T00:04:31.000+08:00,N,1,260,129,,,,,1,1.05,5.5,0.5,0.5,0.0,0.0,,0.3,6.8,2,1,VFI,VeriFone Inc.,Oct,October,Cash,Standard rate,Queens,Woodside,Boro Zone,Queens,Jackson Heights,Boro Zone,2016,10,1,0,0,18,2016,10,1,0,4,31
green,2,2016-10-01T00:37:01.000+08:00,2016-10-01T23:47:14.000+08:00,N,1,60,120,,,,,1,4.13,14.0,0.5,0.5,1.0,0.0,,0.3,16.3,1,1,VFI,VeriFone Inc.,Oct,October,Credit card,Standard rate,Bronx,Crotona Park East,Boro Zone,Manhattan,Highbridge Park,Boro Zone,2016,10,1,0,37,1,2016,10,1,23,47,14
green,2,2016-10-01T00:02:06.000+08:00,2016-10-01T00:05:41.000+08:00,N,1,65,97,,,,,1,1.0,5.0,0.5,0.5,0.0,0.0,,0.3,6.3,2,1,VFI,VeriFone Inc.,Oct,October,Cash,Standard rate,Brooklyn,Downtown Brooklyn/MetroTech,Boro Zone,Brooklyn,Fort Greene,Boro Zone,2016,10,1,0,2,6,2016,10,1,0,5,41
green,2,2016-10-01T00:00:32.000+08:00,2016-10-01T00:11:58.000+08:00,N,1,181,33,,,,,1,2.43,10.5,0.5,0.5,2.36,0.0,,0.3,14.16,1,1,VFI,VeriFone Inc.,Oct,October,Credit card,Standard rate,Brooklyn,Park Slope,Boro Zone,Brooklyn,Brooklyn Heights,Boro Zone,2016,10,1,0,0,32,2016,10,1,0,11,58
green,2,2016-10-01T00:05:12.000+08:00,2016-10-01T00:07:55.000+08:00,N,1,127,243,,,,,1,0.08,3.5,0.5,0.5,0.0,0.0,,0.3,4.8,2,1,VFI,VeriFone Inc.,Oct,October,Cash,Standard rate,Manhattan,Inwood,Boro Zone,Manhattan,Washington Heights North,Boro Zone,2016,10,1,0,5,12,2016,10,1,0,7,55
green,2,2016-10-01T00:00:01.000+08:00,2016-10-01T00:08:40.000+08:00,N,1,244,166,,,,,1,1.85,8.5,0.5,0.5,0.0,0.0,,0.3,9.8,2,1,VFI,VeriFone Inc.,Oct,October,Cash,Standard rate,Manhattan,Washington Heights South,Boro Zone,Manhattan,Morningside Heights,Boro Zone,2016,10,1,0,0,1,2016,10,1,0,8,40
green,2,2016-10-01T00:02:28.000+08:00,2016-10-01T00:07:57.000+08:00,N,1,255,80,,,,,1,0.85,5.5,0.5,0.5,2.04,0.0,,0.3,8.84,1,1,VFI,VeriFone Inc.,Oct,October,Credit card,Standard rate,Brooklyn,Williamsburg (North Side),Boro Zone,Brooklyn,East Williamsburg,Boro Zone,2016,10,1,0,2,28,2016,10,1,0,7,57
green,2,2016-10-01T00:02:04.000+08:00,2016-10-01T00:06:51.000+08:00,N,1,255,256,,,,,1,0.76,5.0,0.5,0.5,1.26,0.0,,0.3,9.51,1,1,VFI,VeriFone Inc.,Oct,October,Credit card,Standard rate,Brooklyn,Williamsburg (North Side),Boro Zone,Brooklyn,Williamsburg (South Side),Boro Zone,2016,10,1,0,2,4,2016,10,1,0,6,51
green,2,2016-10-01T00:00:51.000+08:00,2016-10-01T00:06:10.000+08:00,N,1,130,10,,,,,1,1.85,7.5,0.5,0.5,1.76,0.0,,0.3,10.56,1,1,VFI,VeriFone Inc.,Oct,October,Credit card,Standard rate,Queens,Jamaica,Boro Zone,Queens,Baisley Park,Boro Zone,2016,10,1,0,0,51,2016,10,1,0,6,10
green,2,2016-10-01T00:07:04.000+08:00,2016-10-01T00:13:14.000+08:00,N,1,223,7,,,,,1,0.66,6.0,0.5,0.5,0.0,0.0,,0.3,7.3,2,1,VFI,VeriFone Inc.,Oct,October,Cash,Standard rate,Queens,Steinway,Boro Zone,Queens,Astoria,Boro Zone,2016,10,1,0,7,4,2016,10,1,0,13,14
green,2,2016-10-01T00:04:23.000+08:00,2016-10-01T00:28:19.000+08:00,N,1,43,68,,,,,5,4.51,19.0,0.5,0.5,0.0,0.0,,0.3,20.3,2,1,VFI,VeriFone Inc.,Oct,October,Cash,Standard rate,Manhattan,Central Park,Yellow Zone,Manhattan,East Chelsea,Yellow Zone,2016,10,1,0,4,23,2016,10,1,0,28,19
green,2,2016-10-01T00:00:52.000+08:00,2016-10-01T00:06:45.000+08:00,N,1,74,75,,,,,1,1.52,6.5,0.5,0.5,1.56,0.0,,0.3,9.36,1,1,VFI,VeriFone Inc.,Oct,October,Credit card,Standard rate,Manhattan,East Harlem North,Boro Zone,Manhattan,East Harlem South,Boro Zone,2016,10,1,0,0,52,2016,10,1,0,6,45
green,2,2016-10-01T00:03:07.000+08:00,2016-10-01T00:05:33.000+08:00,N,1,95,95,,,,,5,0.6,4.0,0.5,0.5,0.0,0.0,,0.3,5.3,2,1,VFI,VeriFone Inc.,Oct,October,Cash,Standard rate,Queens,Forest Hills,Boro Zone,Queens,Forest Hills,Boro Zone,2016,10,1,0,3,7,2016,10,1,0,5,33
green,2,2016-10-01T00:00:22.000+08:00,2016-10-01T00:31:59.000+08:00,N,1,42,164,,,,,1,7.78,29.0,0.5,0.5,0.0,0.0,,0.3,30.3,2,1,VFI,VeriFone Inc.,Oct,October,Cash,Standard rate,Manhattan,Central Harlem North,Boro Zone,Manhattan,Midtown South,Yellow Zone,2016,10,1,0,0,22,2016,10,1,0,31,59
green,2,2016-10-01T00:07:32.000+08:00,2016-10-01T00:08:40.000+08:00,N,1,75,75,,,,,1,0.53,3.5,0.5,0.5,0.96,0.0,,0.3,5.76,1,1,VFI,VeriFone Inc.,Oct,October,Credit card,Standard rate,Manhattan,East Harlem South,Boro Zone,Manhattan,East Harlem South,Boro Zone,2016,10,1,0,7,32,2016,10,1,0,8,40
green,2,2016-10-01T00:00:55.000+08:00,2016-10-01T00:20:04.000+08:00,N,1,255,189,,,,,1,4.1,16.0,0.5,0.5,0.0,0.0,,0.3,17.3,2,1,VFI,VeriFone Inc.,Oct,October,Cash,Standard rate,Brooklyn,Williamsburg (North Side),Boro Zone,Brooklyn,Prospect Heights,Boro Zone,2016,10,1,0,0,55,2016,10,1,0,20,4
green,2,2016-10-01T00:05:59.000+08:00,2016-10-01T00:09:08.000+08:00,N,1,41,75,,,,,2,0.57,4.5,0.5,0.5,0.0,0.0,,0.3,5.8,2,1,VFI,VeriFone Inc.,Oct,October,Cash,Standard rate,Manhattan,Central Harlem,Boro Zone,Manhattan,East Harlem South,Boro Zone,2016,10,1,0,5,59,2016,10,1,0,9,8
green,2,2016-10-01T00:00:48.000+08:00,2016-10-01T00:03:11.000+08:00,N,1,74,75,,,,,1,0.68,4.0,0.5,0.5,0.0,0.0,,0.3,5.3,2,1,VFI,VeriFone Inc.,Oct,October,Cash,Standard rate,Manhattan,East Harlem North,Boro Zone,Manhattan,East Harlem South,Boro Zone,2016,10,1,0,0,48,2016,10,1,0,3,11
green,2,2016-10-01T00:02:22.000+08:00,2016-10-01T00:10:42.000+08:00,N,1,74,74,,,,,1,1.05,7.5,0.5,0.5,0.0,0.0,,0.3,8.8,2,1,VFI,VeriFone Inc.,Oct,October,Cash,Standard rate,Manhattan,East Harlem North,Boro Zone,Manhattan,East Harlem North,Boro Zone,2016,10,1,0,2,22,2016,10,1,0,10,42
green,2,2016-10-01T00:19:54.000+08:00,2016-10-01T00:19:54.000+08:00,N,1,255,262,,,,,1,7.89,27.5,0.5,0.5,0.0,0.0,,0.3,28.8,2,1,VFI,VeriFone Inc.,Oct,October,Cash,Standard rate,Brooklyn,Williamsburg (North Side),Boro Zone,Manhattan,Yorkville East,Yellow Zone,2016,10,1,0,19,54,2016,10,1,0,19,54
green,2,2016-10-01T00:01:27.000+08:00,2016-10-01T23:46:41.000+08:00,N,1,36,52,,,,,1,5.2,17.5,0.5,0.5,3.76,0.0,,0.3,22.56,1,1,VFI,VeriFone Inc.,Oct,October,Credit card,Standard rate,Brooklyn,Bushwick North,Boro Zone,Brooklyn,Cobble Hill,Boro Zone,2016,10,1,0,1,27,2016,10,1,23,46,41
green,2,2016-10-01T00:39:47.000+08:00,2016-10-01T00:48:07.000+08:00,N,1,256,256,,,,,2,1.08,7.0,0.5,0.5,0.0,0.0,,0.3,8.3,2,1,VFI,VeriFone Inc.,Oct,October,Cash,Standard rate,Brooklyn,Williamsburg (South Side),Boro Zone,Brooklyn,Williamsburg (South Side),Boro Zone,2016,10,1,0,39,47,2016,10,1,0,48,7
green,2,2016-10-01T00:07:10.000+08:00,2016-10-01T00:07:37.000+08:00,N,1,42,42,,,,,1,0.15,2.5,0.5,0.5,0.0,0.0,,0.3,3.8,2,1,VFI,VeriFone Inc.,Oct,October,Cash,Standard rate,Manhattan,Central Harlem North,Boro Zone,Manhattan,Central Harlem North,Boro Zone,2016,10,1,0,7,10,2016,10,1,0,7,37
green,2,2016-10-01T00:02:53.000+08:00,2016-10-01T00:32:21.000+08:00,N,1,256,239,,,,,1,7.83,26.0,0.5,0.5,0.0,0.0,,0.3,27.3,2,1,VFI,VeriFone Inc.,Oct,October,Cash,Standard rate,Brooklyn,Williamsburg (South Side),Boro Zone,Manhattan,Upper West Side South,Yellow Zone,2016,10,1,0,2,53,2016,10,1,0,32,21
green,2,2016-10-01T00:05:10.000+08:00,2016-10-01T00:08:39.000+08:00,N,1,256,256,,,,,1,0.83,4.5,0.5,0.5,1.16,0.0,,0.3,6.96,1,1,VFI,VeriFone Inc.,Oct,October,Credit card,Standard rate,Brooklyn,Williamsburg (South Side),Boro Zone,Brooklyn,Williamsburg (South Side),Boro Zone,2016,10,1,0,5,10,2016,10,1,0,8,39
green,2,2016-10-01T00:02:18.000+08:00,2016-10-01T00:07:30.000+08:00,N,1,116,42,,,,,1,1.06,6.0,0.5,0.5,0.0,0.0,,0.3,7.3,1,1,VFI,VeriFone Inc.,Oct,October,Credit card,Standard rate,Manhattan,Hamilton Heights,Boro Zone,Manhattan,Central Harlem North,Boro Zone,2016,10,1,0,2,18,2016,10,1,0,7,30
green,2,2016-10-01T00:02:00.000+08:00,2016-10-01T00:04:45.000+08:00,N,1,129,129,,,,,1,0.24,3.5,0.5,0.5,0.0,0.0,,0.3,4.8,2,1,VFI,VeriFone Inc.,Oct,October,Cash,Standard rate,Queens,Jackson Heights,Boro Zone,Queens,Jackson Heights,Boro Zone,2016,10,1,0,2,0,2016,10,1,0,4,45
green,2,2016-10-01T00:04:19.000+08:00,2016-10-01T00:13:24.000+08:00,N,1,41,74,,,,,1,1.46,8.0,0.5,0.5,0.0,0.0,,0.3,9.3,2,1,VFI,VeriFone Inc.,Oct,October,Cash,Standard rate,Manhattan,Central Harlem,Boro Zone,Manhattan,East Harlem North,Boro Zone,2016,10,1,0,4,19,2016,10,1,0,13,24
green,2,2016-10-01T00:02:33.000+08:00,2016-10-01T00:08:58.000+08:00,N,1,255,112,,,,,1,1.14,6.5,0.5,0.5,1.0,0.0,,0.3,8.8,1,1,VFI,VeriFone Inc.,Oct,October,Credit card,Standard rate,Brooklyn,Williamsburg (North Side),Boro Zone,Brooklyn,Greenpoint,Boro Zone,2016,10,1,0,2,33,2016,10,1,0,8,58
green,2,2016-10-01T00:04:54.000+08:00,2016-10-01T00:06:17.000+08:00,N,1,80,255,,,,,1,0.21,3.0,0.5,0.5,0.0,0.0,,0.3,4.3,1,1,VFI,VeriFone Inc.,Oct,October,Credit card,Standard rate,Brooklyn,East Williamsburg,Boro Zone,Brooklyn,Williamsburg (North Side),Boro Zone,2016,10,1,0,4,54,2016,10,1,0,6,17
green,2,2016-10-01T00:02:10.000+08:00,2016-10-01T00:06:04.000+08:00,N,1,189,61,,,,,1,1.32,6.0,0.5,0.5,2.19,0.0,,0.3,9.49,1,1,VFI,VeriFone Inc.,Oct,October,Credit card,Standard rate,Brooklyn,Prospect Heights,Boro Zone,Brooklyn,Crown Heights North,Boro Zone,2016,10,1,0,2,10,2016,10,1,0,6,4
green,2,2016-10-01T00:02:31.000+08:00,2016-10-01T00:13:43.000+08:00,N,1,74,116,,,,,1,2.59,10.5,0.5,0.5,1.0,0.0,,0.3,12.8,1,1,VFI,VeriFone Inc.,Oct,October,Credit card,Standard rate,Manhattan,East Harlem North,Boro Zone,Manhattan,Hamilton Heights,Boro Zone,2016,10,1,0,2,31,2016,10,1,0,13,43
green,2,2016-10-01T00:00:44.000+08:00,2016-10-01T00:05:31.000+08:00,N,1,188,62,,,,,1,1.04,5.5,0.5,0.5,0.0,0.0,,0.3,6.8,2,1,VFI,VeriFone Inc.,Oct,October,Cash,Standard rate,Brooklyn,Prospect-Lefferts Gardens,Boro Zone,Brooklyn,Crown Heights South,Boro Zone,2016,10,1,0,0,44,2016,10,1,0,5,31
green,2,2016-10-01T00:00:50.000+08:00,2016-10-01T00:14:06.000+08:00,N,1,112,193,,,,,1,2.88,11.5,0.5,0.5,2.56,0.0,,0.3,15.36,1,1,VFI,VeriFone Inc.,Oct,October,Credit card,Standard rate,Brooklyn,Greenpoint,Boro Zone,Queens,Queensbridge/Ravenswood,Boro Zone,2016,10,1,0,0,50,2016,10,1,0,14,6
green,2,2016-10-01T00:01:06.000+08:00,2016-10-01T00:06:05.000+08:00,N,1,7,7,,,,,1,0.71,5.0,0.5,0.5,0.0,0.0,,0.3,6.3,2,1,VFI,VeriFone Inc.,Oct,October,Cash,Standard rate,Queens,Astoria,Boro Zone,Queens,Astoria,Boro Zone,2016,10,1,0,1,6,2016,10,1,0,6,5
green,2,2016-10-01T00:03:36.000+08:00,2016-10-01T00:07:29.000+08:00,N,1,244,244,,,,,1,0.89,5.0,0.5,0.5,0.0,0.0,,0.3,6.3,2,1,VFI,VeriFone Inc.,Oct,October,Cash,Standard rate,Manhattan,Washington Heights South,Boro Zone,Manhattan,Washington Heights South,Boro Zone,2016,10,1,0,3,36,2016,10,1,0,7,29
green,2,2016-10-01T00:02:28.000+08:00,2016-10-01T00:06:33.000+08:00,N,1,7,7,,,,,4,0.69,5.0,0.5,0.5,1.26,0.0,,0.3,7.56,1,1,VFI,VeriFone Inc.,Oct,October,Credit card,Standard rate,Queens,Astoria,Boro Zone,Queens,Astoria,Boro Zone,2016,10,1,0,2,28,2016,10,1,0,6,33
green,2,2016-10-01T00:04:36.000+08:00,2016-10-01T00:08:12.000+08:00,N,1,25,49,,,,,1,0.95,5.0,0.5,0.5,1.26,0.0,,0.3,7.56,1,1,VFI,VeriFone Inc.,Oct,October,Credit card,Standard rate,Brooklyn,Boerum Hill,Boro Zone,Brooklyn,Clinton Hill,Boro Zone,2016,10,1,0,4,36,2016,10,1,0,8,12
green,2,2016-10-01T00:32:04.000+08:00,2016-10-01T00:57:50.000+08:00,N,1,112,90,,,,,1,6.21,22.5,0.5,0.5,2.0,0.0,,0.3,25.8,1,1,VFI,VeriFone Inc.,Oct,October,Credit card,Standard rate,Brooklyn,Greenpoint,Boro Zone,Manhattan,Flatiron,Yellow Zone,2016,10,1,0,32,4,2016,10,1,0,57,50
green,2,2016-10-01T00:04:31.000+08:00,2016-10-01T00:08:54.000+08:00,N,1,7,7,,,,,1,0.67,5.0,0.5,0.5,1.26,0.0,,0.3,7.56,1,1,VFI,VeriFone Inc.,Oct,October,Credit card,Standard rate,Queens,Astoria,Boro Zone,Queens,Astoria,Boro Zone,2016,10,1,0,4,31,2016,10,1,0,8,54
green,2,2016-10-01T00:04:56.000+08:00,2016-10-01T00:07:58.000+08:00,N,1,181,228,,,,,2,0.81,4.5,0.5,0.5,0.0,0.0,,0.3,5.8,2,1,VFI,VeriFone Inc.,Oct,October,Cash,Standard rate,Brooklyn,Park Slope,Boro Zone,Brooklyn,Sunset Park West,Boro Zone,2016,10,1,0,4,56,2016,10,1,0,7,58
green,2,2016-10-01T00:20:17.000+08:00,2016-10-01T00:23:30.000+08:00,N,1,49,49,,,,,1,0.5,3.5,0.5,0.5,0.0,0.0,,0.3,4.8,2,1,VFI,VeriFone Inc.,Oct,October,Cash,Standard rate,Brooklyn,Clinton Hill,Boro Zone,Brooklyn,Clinton Hill,Boro Zone,2016,10,1,0,20,17,2016,10,1,0,23,30
green,2,2016-10-01T00:00:46.000+08:00,2016-10-01T00:03:22.000+08:00,N,1,181,181,,,,,1,0.45,4.0,0.5,0.5,0.0,0.0,,0.3,5.3,2,1,VFI,VeriFone Inc.,Oct,October,Cash,Standard rate,Brooklyn,Park Slope,Boro Zone,Brooklyn,Park Slope,Boro Zone,2016,10,1,0,0,46,2016,10,1,0,3,22
green,2,2016-10-01T00:01:48.000+08:00,2016-10-01T00:08:53.000+08:00,N,1,223,7,,,,,1,1.3,7.0,0.5,0.5,0.0,0.0,,0.3,8.3,2,1,VFI,VeriFone Inc.,Oct,October,Cash,Standard rate,Queens,Steinway,Boro Zone,Queens,Astoria,Boro Zone,2016,10,1,0,1,48,2016,10,1,0,8,53
green,2,2016-10-01T00:00:50.000+08:00,2016-10-01T00:10:01.000+08:00,N,1,82,179,,,,,2,3.09,11.0,0.5,0.5,0.0,0.0,,0.3,12.3,2,1,VFI,VeriFone Inc.,Oct,October,Cash,Standard rate,Queens,Elmhurst,Boro Zone,Queens,Old Astoria,Boro Zone,2016,10,1,0,0,50,2016,10,1,0,10,1
green,2,2016-10-01T00:00:57.000+08:00,2016-10-01T00:02:44.000+08:00,N,1,74,75,,,,,1,0.38,3.5,0.5,0.5,0.0,0.0,,0.3,4.8,2,1,VFI,VeriFone Inc.,Oct,October,Cash,Standard rate,Manhattan,East Harlem North,Boro Zone,Manhattan,East Harlem South,Boro Zone,2016,10,1,0,0,57,2016,10,1,0,2,44
green,2,2016-10-01T00:02:42.000+08:00,2016-10-01T00:11:01.000+08:00,N,1,41,74,,,,,2,1.09,7.0,0.5,0.5,0.0,0.0,,0.3,8.3,2,1,VFI,VeriFone Inc.,Oct,October,Cash,Standard rate,Manhattan,Central Harlem,Boro Zone,Manhattan,East Harlem North,Boro Zone,2016,10,1,0,2,42,2016,10,1,0,11,1
green,2,2016-10-01T00:03:15.000+08:00,2016-10-01T00:08:07.000+08:00,N,1,129,129,,,,,1,0.91,5.5,0.5,0.5,0.0,0.0,,0.3,6.8,2,1,VFI,VeriFone Inc.,Oct,October,Cash,Standard rate,Queens,Jackson Heights,Boro Zone,Queens,Jackson Heights,Boro Zone,2016,10,1,0,3,15,2016,10,1,0,8,7
green,2,2016-10-01T00:00:21.000+08:00,2016-10-01T00:09:37.000+08:00,N,1,177,80,,,,,4,2.17,9.0,0.5,0.5,0.0,0.0,,0.3,10.3,2,1,VFI,VeriFone Inc.,Oct,October,Cash,Standard rate,Brooklyn,Ocean Hill,Boro Zone,Brooklyn,East Williamsburg,Boro Zone,2016,10,1,0,0,21,2016,10,1,0,9,37
green,2,2016-10-01T00:01:11.000+08:00,2016-10-01T00:03:27.000+08:00,N,1,181,181,,,,,1,0.4,3.5,0.5,0.5,0.96,0.0,,0.3,5.76,1,1,VFI,VeriFone Inc.,Oct,October,Credit card,Standard rate,Brooklyn,Park Slope,Boro Zone,Brooklyn,Park Slope,Boro Zone,2016,10,1,0,1,11,2016,10,1,0,3,27
green,2,2016-10-01T00:01:50.000+08:00,2016-10-01T00:04:31.000+08:00,N,1,74,75,,,,,1,0.81,4.5,0.5,0.5,0.0,0.0,,0.3,5.8,2,1,VFI,VeriFone Inc.,Oct,October,Cash,Standard rate,Manhattan,East Harlem North,Boro Zone,Manhattan,East Harlem South,Boro Zone,2016,10,1,0,1,50,2016,10,1,0,4,31
green,2,2016-10-01T00:04:51.000+08:00,2016-10-01T00:06:32.000+08:00,N,1,255,255,,,,,1,0.27,3.0,0.5,0.5,0.86,0.0,,0.3,5.16,1,1,VFI,VeriFone Inc.,Oct,October,Credit card,Standard rate,Brooklyn,Williamsburg (North Side),Boro Zone,Brooklyn,Williamsburg (North Side),Boro Zone,2016,10,1,0,4,51,2016,10,1,0,6,32
green,2,2016-10-01T00:01:52.000+08:00,2016-10-01T00:06:48.000+08:00,N,1,82,82,,,,,1,0.92,5.5,0.5,0.5,0.0,0.0,,0.3,6.8,2,1,VFI,VeriFone Inc.,Oct,October,Cash,Standard rate,Queens,Elmhurst,Boro Zone,Queens,Elmhurst,Boro Zone,2016,10,1,0,1,52,2016,10,1,0,6,48
green,2,2016-10-01T00:00:26.000+08:00,2016-10-01T00:01:33.000+08:00,N,1,42,42,,,,,1,0.44,3.5,0.5,0.5,0.48,0.0,,0.3,7.23,1,1,VFI,VeriFone Inc.,Oct,October,Credit card,Standard rate,Manhattan,Central Harlem North,Boro Zone,Manhattan,Central Harlem North,Boro Zone,2016,10,1,0,0,26,2016,10,1,0,1,33
green,2,2016-10-01T00:25:36.000+08:00,2016-10-01T00:29:22.000+08:00,N,1,255,112,,,,,1,0.96,5.0,0.5,0.5,1.0,0.0,,0.3,7.3,1,1,VFI,VeriFone Inc.,Oct,October,Credit card,Standard rate,Brooklyn,Williamsburg (North Side),Boro Zone,Brooklyn,Greenpoint,Boro Zone,2016,10,1,0,25,36,2016,10,1,0,29,22
green,2,2016-10-01T00:12:12.000+08:00,2016-10-01T00:14:57.000+08:00,N,1,223,223,,,,,1,0.56,4.0,0.5,0.5,1.06,0.0,,0.3,6.36,1,1,VFI,VeriFone Inc.,Oct,October,Credit card,Standard rate,Queens,Steinway,Boro Zone,Queens,Steinway,Boro Zone,2016,10,1,0,12,12,2016,10,1,0,14,57
green,2,2016-10-01T00:04:57.000+08:00,2016-10-01T00:19:35.000+08:00,N,1,25,85,,,,,1,3.13,13.0,0.5,0.5,2.86,0.0,,0.3,17.16,1,1,VFI,VeriFone Inc.,Oct,October,Credit card,Standard rate,Brooklyn,Boerum Hill,Boro Zone,Brooklyn,Erasmus,Boro Zone,2016,10,1,0,4,57,2016,10,1,0,19,35
green,2,2016-10-01T00:00:28.000+08:00,2016-10-01T00:06:41.000+08:00,N,1,82,83,,,,,1,0.96,6.0,0.5,0.5,1.46,0.0,,0.3,8.76,1,1,VFI,VeriFone Inc.,Oct,October,Credit card,Standard rate,Queens,Elmhurst,Boro Zone,Queens,Elmhurst/Maspeth,Boro Zone,2016,10,1,0,0,28,2016,10,1,0,6,41
green,2,2016-10-01T00:03:22.000+08:00,2016-10-01T00:06:08.000+08:00,N,1,7,7,,,,,1,0.33,3.5,0.5,0.5,0.0,0.0,,0.3,4.8,1,1,VFI,VeriFone Inc.,Oct,October,Credit card,Standard rate,Queens,Astoria,Boro Zone,Queens,Astoria,Boro Zone,2016,10,1,0,3,22,2016,10,1,0,6,8
green,2,2016-10-01T00:01:23.000+08:00,2016-10-01T00:23:14.000+08:00,N,1,80,74,,,,,1,10.18,30.0,0.5,0.5,7.37,5.54,,0.3,44.21,1,1,VFI,VeriFone Inc.,Oct,October,Credit card,Standard rate,Brooklyn,East Williamsburg,Boro Zone,Manhattan,East Harlem North,Boro Zone,2016,10,1,0,1,23,2016,10,1,0,23,14
green,2,2016-10-01T00:00:57.000+08:00,2016-10-01T00:05:48.000+08:00,N,1,181,40,,,,,1,0.97,6.0,0.5,0.5,0.0,0.0,,0.3,7.3,2,1,VFI,VeriFone Inc.,Oct,October,Cash,Standard rate,Brooklyn,Park Slope,Boro Zone,Brooklyn,Carroll Gardens,Boro Zone,2016,10,1,0,0,57,2016,10,1,0,5,48
green,2,2016-10-01T00:00:28.000+08:00,2016-10-01T01:07:17.000+08:00,N,1,181,48,,,,,1,17.57,60.0,0.5,0.5,15.32,0.0,,0.3,76.62,1,1,VFI,VeriFone Inc.,Oct,October,Credit card,Standard rate,Brooklyn,Park Slope,Boro Zone,Manhattan,Clinton East,Yellow Zone,2016,10,1,0,0,28,2016,10,1,1,7,17
