taxi_type,vendor_id,pickup_datetime,dropoff_datetime,store_and_fwd_flag,rate_code_id,pickup_location_id,dropoff_location_id,pickup_longitude,pickup_latitude,dropoff_longitude,dropoff_latitude,passenger_count,trip_distance,fare_amount,extra,mta_tax,tip_amount,tolls_amount,ehail_fee,improvement_surcharge,total_amount,payment_type,trip_type,vendor_abbreviation,vendor_description,month_name_short,month_name_full,payment_type_description,rate_code_description,pickup_borough,pickup_zone,pickup_service_zone,dropoff_borough,dropoff_zone,dropoff_service_zone,pickup_year,pickup_month,pickup_day,pickup_hour,pickup_minute,pickup_second,dropoff_year,dropoff_month,dropoff_day,dropoff_hour,dropoff_minute,dropoff_second
yellow,1,2016-08-01T00:00:28.000+08:00,2016-08-01T00:05:49.000+08:00,N,1,148,79,,,,,2,0.6,5.5,0.5,0.5,0.0,0.0,0.0,0.3,6.8,2,0,CMT,"Creative Mobile Technologies, LLC",Aug,August,Cash,,Manhattan,Lower East Side,Yellow Zone,Manhattan,East Village,Yellow Zone,2016,8,1,0,0,28,2016,8,1,0,5,49
yellow,1,2016-08-01T00:00:51.000+08:00,2016-08-01T00:04:20.000+08:00,N,1,100,230,,,,,1,0.6,4.5,0.5,0.5,0.0,0.0,0.0,0.3,5.8,1,0,CMT,"Creative Mobile Technologies, LLC",Aug,August,Credit card,,Manhattan,Garment District,Yellow Zone,Manhattan,Times Sq/Theatre District,Yellow Zone,2016,8,1,0,0,51,2016,8,1,0,4,20
yellow,1,2016-08-01T00:00:37.000+08:00,2016-08-01T00:09:49.000+08:00,N,1,100,48,,,,,1,1.8,8.5,0.5,0.5,1.95,0.0,0.0,0.3,11.75,1,0,CMT,"Creative Mobile Technologies, LLC",Aug,August,Credit card,,Manhattan,Garment District,Yellow Zone,Manhattan,Clinton East,Yellow Zone,2016,8,1,0,0,37,2016,8,1,0,9,49
yellow,2,2016-08-01T00:00:07.000+08:00,2016-08-01T00:21:55.000+08:00,N,1,65,141,,,,,1,8.03,25.0,0.5,0.5,0.01,0.0,0.0,0.3,26.31,1,0,VFI,VeriFone Inc.,Aug,August,Credit card,,Brooklyn,Downtown Brooklyn/MetroTech,Boro Zone,Manhattan,Lenox Hill West,Yellow Zone,2016,8,1,0,0,7,2016,8,1,0,21,55
yellow,1,2016-08-01T00:01:08.000+08:00,2016-08-01T00:36:44.000+08:00,N,1,132,189,,,,,1,21.2,58.0,0.5,0.5,11.85,0.0,0.0,0.3,71.15,1,0,CMT,"Creative Mobile Technologies, LLC",Aug,August,Credit card,,Queens,JFK Airport,Airports,Brooklyn,Prospect Heights,Boro Zone,2016,8,1,0,1,8,2016,8,1,0,36,44
yellow,1,2016-08-01T00:00:27.000+08:00,2016-08-01T00:04:53.000+08:00,N,1,74,74,,,,,2,0.8,5.0,0.5,0.5,0.0,0.0,0.0,0.3,6.3,2,0,CMT,"Creative Mobile Technologies, LLC",Aug,August,Cash,,Manhattan,East Harlem North,Boro Zone,Manhattan,East Harlem North,Boro Zone,2016,8,1,0,0,27,2016,8,1,0,4,53
yellow,1,2016-08-01T00:00:17.000+08:00,2016-08-01T00:35:48.000+08:00,N,1,100,61,,,,,1,8.7,30.0,0.5,0.5,0.0,0.0,0.0,0.3,31.3,2,0,CMT,"Creative Mobile Technologies, LLC",Aug,August,Cash,,Manhattan,Garment District,Yellow Zone,Brooklyn,Crown Heights North,Boro Zone,2016,8,1,0,0,17,2016,8,1,0,35,48
yellow,1,2016-08-01T00:00:22.000+08:00,2016-08-01T00:04:47.000+08:00,N,1,234,162,,,,,1,1.1,6.0,0.5,0.5,0.0,0.0,0.0,0.3,7.3,2,0,CMT,"Creative Mobile Technologies, LLC",Aug,August,Cash,,Manhattan,Union Sq,Yellow Zone,Manhattan,Midtown East,Yellow Zone,2016,8,1,0,0,22,2016,8,1,0,4,47
yellow,1,2016-08-01T00:00:55.000+08:00,2016-08-01T00:05:51.000+08:00,N,1,234,230,,,,,1,1.4,6.5,0.5,0.5,1.95,0.0,0.0,0.3,9.75,1,0,CMT,"Creative Mobile Technologies, LLC",Aug,August,Credit card,,Manhattan,Union Sq,Yellow Zone,Manhattan,Times Sq/Theatre District,Yellow Zone,2016,8,1,0,0,55,2016,8,1,0,5,51
yellow,1,2016-08-01T00:00:11.000+08:00,2016-08-01T00:05:51.000+08:00,N,1,186,249,,,,,1,1.1,6.0,0.5,0.5,1.0,0.0,0.0,0.3,8.3,1,0,CMT,"Creative Mobile Technologies, LLC",Aug,August,Credit card,,Manhattan,Penn Station/Madison Sq West,Yellow Zone,Manhattan,West Village,Yellow Zone,2016,8,1,0,0,11,2016,8,1,0,5,51
yellow,1,2016-08-01T00:00:48.000+08:00,2016-08-01T00:05:26.000+08:00,N,1,107,107,,,,,1,0.7,5.0,0.5,0.5,0.0,0.0,0.0,0.3,6.3,2,0,CMT,"Creative Mobile Technologies, LLC",Aug,August,Cash,,Manhattan,Gramercy,Yellow Zone,Manhattan,Gramercy,Yellow Zone,2016,8,1,0,0,48,2016,8,1,0,5,26
yellow,1,2016-08-01T00:00:04.000+08:00,2016-08-01T00:06:12.000+08:00,N,1,230,163,,,,,1,1.2,6.5,0.5,0.5,1.55,0.0,0.0,0.3,9.35,1,0,CMT,"Creative Mobile Technologies, LLC",Aug,August,Credit card,,Manhattan,Times Sq/Theatre District,Yellow Zone,Manhattan,Midtown North,Yellow Zone,2016,8,1,0,0,4,2016,8,1,0,6,12
yellow,1,2016-08-01T00:00:23.000+08:00,2016-08-01T00:14:45.000+08:00,N,1,158,166,,,,,1,6.3,19.5,0.5,0.5,2.0,0.0,0.0,0.3,22.8,1,0,CMT,"Creative Mobile Technologies, LLC",Aug,August,Credit card,,Manhattan,Meatpacking/West Village West,Yellow Zone,Manhattan,Morningside Heights,Boro Zone,2016,8,1,0,0,23,2016,8,1,0,14,45
yellow,1,2016-08-01T00:00:22.000+08:00,2016-08-01T00:09:16.000+08:00,N,1,230,246,,,,,1,1.6,8.0,0.5,0.5,2.0,0.0,0.0,0.3,11.3,1,0,CMT,"Creative Mobile Technologies, LLC",Aug,August,Credit card,,Manhattan,Times Sq/Theatre District,Yellow Zone,Manhattan,West Chelsea/Hudson Yards,Yellow Zone,2016,8,1,0,0,22,2016,8,1,0,9,16
yellow,1,2016-08-01T00:01:00.000+08:00,2016-08-01T00:08:43.000+08:00,N,1,90,137,,,,,1,1.8,8.0,0.5,0.5,0.0,0.0,0.0,0.3,9.3,2,0,CMT,"Creative Mobile Technologies, LLC",Aug,August,Cash,,Manhattan,Flatiron,Yellow Zone,Manhattan,Kips Bay,Yellow Zone,2016,8,1,0,1,0,2016,8,1,0,8,43
yellow,1,2016-08-01T00:00:02.000+08:00,2016-08-01T00:15:04.000+08:00,N,1,239,234,,,,,1,3.7,13.5,0.5,0.5,2.2,0.0,0.0,0.3,17.0,1,0,CMT,"Creative Mobile Technologies, LLC",Aug,August,Credit card,,Manhattan,Upper West Side South,Yellow Zone,Manhattan,Union Sq,Yellow Zone,2016,8,1,0,0,2,2016,8,1,0,15,4
yellow,1,2016-08-01T00:01:04.000+08:00,2016-08-01T00:08:24.000+08:00,N,1,236,170,,,,,1,2.5,9.5,0.5,0.5,1.5,0.0,0.0,0.3,12.3,1,0,CMT,"Creative Mobile Technologies, LLC",Aug,August,Credit card,,Manhattan,Upper East Side North,Yellow Zone,Manhattan,Murray Hill,Yellow Zone,2016,8,1,0,1,4,2016,8,1,0,8,24
yellow,1,2016-08-01T00:00:26.000+08:00,2016-08-01T00:08:56.000+08:00,N,1,143,140,,,,,1,2.1,9.0,0.5,0.5,1.0,0.0,0.0,0.3,11.3,1,0,CMT,"Creative Mobile Technologies, LLC",Aug,August,Credit card,,Manhattan,Lincoln Square West,Yellow Zone,Manhattan,Lenox Hill East,Yellow Zone,2016,8,1,0,0,26,2016,8,1,0,8,56
yellow,1,2016-08-01T00:00:56.000+08:00,2016-08-01T00:04:42.000+08:00,N,1,239,142,,,,,1,0.9,5.0,0.5,0.5,1.25,0.0,0.0,0.3,7.55,1,0,CMT,"Creative Mobile Technologies, LLC",Aug,August,Credit card,,Manhattan,Upper West Side South,Yellow Zone,Manhattan,Lincoln Square East,Yellow Zone,2016,8,1,0,0,56,2016,8,1,0,4,42
yellow,1,2016-08-01T00:01:03.000+08:00,2016-08-01T00:13:49.000+08:00,N,1,137,239,,,,,1,4.0,13.5,0.5,0.5,3.7,0.0,0.0,0.3,18.5,1,0,CMT,"Creative Mobile Technologies, LLC",Aug,August,Credit card,,Manhattan,Kips Bay,Yellow Zone,Manhattan,Upper West Side South,Yellow Zone,2016,8,1,0,1,3,2016,8,1,0,13,49
yellow,1,2016-08-01T00:00:30.000+08:00,2016-08-01T00:11:05.000+08:00,N,1,43,74,,,,,1,3.6,12.0,0.5,0.5,0.0,0.0,0.0,0.3,13.3,2,0,CMT,"Creative Mobile Technologies, LLC",Aug,August,Cash,,Manhattan,Central Park,Yellow Zone,Manhattan,East Harlem North,Boro Zone,2016,8,1,0,0,30,2016,8,1,0,11,5
yellow,1,2016-08-01T00:00:47.000+08:00,2016-08-01T00:05:26.000+08:00,Y,1,186,230,,,,,1,0.9,5.5,0.5,0.5,2.0,0.0,0.0,0.3,8.8,1,0,CMT,"Creative Mobile Technologies, LLC",Aug,August,Credit card,,Manhattan,Penn Station/Madison Sq West,Yellow Zone,Manhattan,Times Sq/Theatre District,Yellow Zone,2016,8,1,0,0,47,2016,8,1,0,5,26
yellow,1,2016-08-01T00:00:25.000+08:00,2016-08-01T00:10:55.000+08:00,N,1,186,48,,,,,1,2.0,9.5,0.5,0.5,0.0,0.0,0.0,0.3,10.8,2,0,CMT,"Creative Mobile Technologies, LLC",Aug,August,Cash,,Manhattan,Penn Station/Madison Sq West,Yellow Zone,Manhattan,Clinton East,Yellow Zone,2016,8,1,0,0,25,2016,8,1,0,10,55
yellow,1,2016-08-01T00:01:03.000+08:00,2016-08-01T00:11:08.000+08:00,N,1,249,211,,,,,1,1.1,8.0,0.5,0.5,1.0,0.0,0.0,0.3,10.3,1,0,CMT,"Creative Mobile Technologies, LLC",Aug,August,Credit card,,Manhattan,West Village,Yellow Zone,Manhattan,SoHo,Yellow Zone,2016,8,1,0,1,3,2016,8,1,0,11,8
yellow,1,2016-08-01T00:00:06.000+08:00,2016-08-01T00:08:39.000+08:00,N,1,230,161,,,,,1,0.9,7.0,0.5,0.5,3.0,0.0,0.0,0.3,11.3,1,0,CMT,"Creative Mobile Technologies, LLC",Aug,August,Credit card,,Manhattan,Times Sq/Theatre District,Yellow Zone,Manhattan,Midtown Center,Yellow Zone,2016,8,1,0,0,6,2016,8,1,0,8,39
yellow,2,2016-08-01T00:00:06.000+08:00,2016-08-01T00:04:08.000+08:00,N,1,236,75,,,,,1,1.17,5.5,0.5,0.5,0.0,0.0,0.0,0.3,6.8,2,0,VFI,VeriFone Inc.,Aug,August,Cash,,Manhattan,Upper East Side North,Yellow Zone,Manhattan,East Harlem South,Boro Zone,2016,8,1,0,0,6,2016,8,1,0,4,8
yellow,1,2016-08-01T00:00:13.000+08:00,2016-08-01T00:05:45.000+08:00,N,1,161,90,,,,,1,1.9,7.5,0.5,0.5,1.75,0.0,0.0,0.3,10.55,1,0,CMT,"Creative Mobile Technologies, LLC",Aug,August,Credit card,,Manhattan,Midtown Center,Yellow Zone,Manhattan,Flatiron,Yellow Zone,2016,8,1,0,0,13,2016,8,1,0,5,45
yellow,1,2016-08-01T00:00:59.000+08:00,2016-08-01T00:14:28.000+08:00,N,1,163,79,,,,,1,3.1,12.5,0.5,0.5,0.0,0.0,0.0,0.3,13.8,1,0,CMT,"Creative Mobile Technologies, LLC",Aug,August,Credit card,,Manhattan,Midtown North,Yellow Zone,Manhattan,East Village,Yellow Zone,2016,8,1,0,0,59,2016,8,1,0,14,28
yellow,1,2016-08-01T00:01:02.000+08:00,2016-08-01T00:08:29.000+08:00,N,1,79,68,,,,,1,1.8,8.0,0.5,0.5,0.0,0.0,0.0,0.3,9.3,2,0,CMT,"Creative Mobile Technologies, LLC",Aug,August,Cash,,Manhattan,East Village,Yellow Zone,Manhattan,East Chelsea,Yellow Zone,2016,8,1,0,1,2,2016,8,1,0,8,29
yellow,1,2016-08-01T00:01:06.000+08:00,2016-08-01T00:13:21.000+08:00,N,1,88,161,,,,,2,4.4,14.0,0.5,0.5,3.05,0.0,0.0,0.3,18.35,1,0,CMT,"Creative Mobile Technologies, LLC",Aug,August,Credit card,,Manhattan,Financial District South,Yellow Zone,Manhattan,Midtown Center,Yellow Zone,2016,8,1,0,1,6,2016,8,1,0,13,21
yellow,1,2016-08-01T00:01:00.000+08:00,2016-08-01T00:08:21.000+08:00,N,1,141,170,,,,,1,2.1,8.5,0.5,0.5,1.47,0.0,0.0,0.3,11.27,1,0,CMT,"Creative Mobile Technologies, LLC",Aug,August,Credit card,,Manhattan,Lenox Hill West,Yellow Zone,Manhattan,Murray Hill,Yellow Zone,2016,8,1,0,1,0,2016,8,1,0,8,21
yellow,2,2016-08-01T00:00:02.000+08:00,2016-08-01T00:11:17.000+08:00,N,1,50,116,,,,,1,4.98,15.5,0.5,0.5,3.36,0.0,0.0,0.3,20.16,1,0,VFI,VeriFone Inc.,Aug,August,Credit card,,Manhattan,Clinton West,Yellow Zone,Manhattan,Hamilton Heights,Boro Zone,2016,8,1,0,0,2,2016,8,1,0,11,17
yellow,1,2016-08-01T00:00:39.000+08:00,2016-08-01T00:10:02.000+08:00,N,1,100,142,,,,,1,1.7,8.5,0.5,0.5,1.95,0.0,0.0,0.3,11.75,1,0,CMT,"Creative Mobile Technologies, LLC",Aug,August,Credit card,,Manhattan,Garment District,Yellow Zone,Manhattan,Lincoln Square East,Yellow Zone,2016,8,1,0,0,39,2016,8,1,0,10,2
yellow,2,2016-08-01T00:00:10.000+08:00,2016-08-01T00:09:53.000+08:00,N,1,114,148,,,,,3,1.21,8.0,0.5,0.5,1.5,0.0,0.0,0.3,10.8,1,0,VFI,VeriFone Inc.,Aug,August,Credit card,,Manhattan,Greenwich Village South,Yellow Zone,Manhattan,Lower East Side,Yellow Zone,2016,8,1,0,0,10,2016,8,1,0,9,53
yellow,1,2016-08-01T00:00:19.000+08:00,2016-08-01T00:04:10.000+08:00,N,1,148,232,,,,,1,0.2,4.5,0.5,0.5,16.0,0.0,0.0,0.3,21.8,1,0,CMT,"Creative Mobile Technologies, LLC",Aug,August,Credit card,,Manhattan,Lower East Side,Yellow Zone,Manhattan,Two Bridges/Seward Park,Yellow Zone,2016,8,1,0,0,19,2016,8,1,0,4,10
yellow,1,2016-08-01T00:00:10.000+08:00,2016-08-01T00:05:41.000+08:00,N,1,68,164,,,,,2,1.0,5.5,0.5,0.5,3.0,0.0,0.0,0.3,9.8,1,0,CMT,"Creative Mobile Technologies, LLC",Aug,August,Credit card,,Manhattan,East Chelsea,Yellow Zone,Manhattan,Midtown South,Yellow Zone,2016,8,1,0,0,10,2016,8,1,0,5,41
yellow,1,2016-08-01T00:00:50.000+08:00,2016-08-01T00:08:45.000+08:00,N,1,161,114,,,,,1,2.5,9.5,0.5,0.5,2.15,0.0,0.0,0.3,12.95,1,0,CMT,"Creative Mobile Technologies, LLC",Aug,August,Credit card,,Manhattan,Midtown Center,Yellow Zone,Manhattan,Greenwich Village South,Yellow Zone,2016,8,1,0,0,50,2016,8,1,0,8,45
yellow,2,2016-08-01T00:00:11.000+08:00,2016-08-01T00:12:48.000+08:00,N,1,48,141,,,,,2,1.77,10.0,0.5,0.5,2.26,0.0,0.0,0.3,13.56,1,0,VFI,VeriFone Inc.,Aug,August,Credit card,,Manhattan,Clinton East,Yellow Zone,Manhattan,Lenox Hill West,Yellow Zone,2016,8,1,0,0,11,2016,8,1,0,12,48
yellow,1,2016-08-01T00:00:08.000+08:00,2016-08-01T00:05:06.000+08:00,N,1,50,230,,,,,2,0.8,5.5,0.5,0.5,0.0,0.0,0.0,0.3,6.8,2,0,CMT,"Creative Mobile Technologies, LLC",Aug,August,Cash,,Manhattan,Clinton West,Yellow Zone,Manhattan,Times Sq/Theatre District,Yellow Zone,2016,8,1,0,0,8,2016,8,1,0,5,6
yellow,1,2016-08-01T00:00:20.000+08:00,2016-08-01T00:10:14.000+08:00,N,1,161,246,,,,,2,1.9,9.5,0.5,0.5,2.7,0.0,0.0,0.3,13.5,1,0,CMT,"Creative Mobile Technologies, LLC",Aug,August,Credit card,,Manhattan,Midtown Center,Yellow Zone,Manhattan,West Chelsea/Hudson Yards,Yellow Zone,2016,8,1,0,0,20,2016,8,1,0,10,14
yellow,1,2016-08-01T00:00:54.000+08:00,2016-08-01T00:07:29.000+08:00,N,1,164,144,,,,,2,2.1,8.5,0.5,0.5,1.95,0.0,0.0,0.3,11.75,1,0,CMT,"Creative Mobile Technologies, LLC",Aug,August,Credit card,,Manhattan,Midtown South,Yellow Zone,Manhattan,Little Italy/NoLiTa,Yellow Zone,2016,8,1,0,0,54,2016,8,1,0,7,29
yellow,1,2016-08-01T00:01:10.000+08:00,2016-08-01T00:13:07.000+08:00,N,1,50,107,,,,,2,2.4,10.0,0.5,0.5,0.0,0.0,0.0,0.3,11.3,2,0,CMT,"Creative Mobile Technologies, LLC",Aug,August,Cash,,Manhattan,Clinton West,Yellow Zone,Manhattan,Gramercy,Yellow Zone,2016,8,1,0,1,10,2016,8,1,0,13,7
yellow,1,2016-08-01T00:01:05.000+08:00,2016-08-01T00:05:16.000+08:00,N,1,79,107,,,,,1,1.2,5.5,0.5,0.5,3.0,0.0,0.0,0.3,9.8,1,0,CMT,"Creative Mobile Technologies, LLC",Aug,August,Credit card,,Manhattan,East Village,Yellow Zone,Manhattan,Gramercy,Yellow Zone,2016,8,1,0,1,5,2016,8,1,0,5,16
yellow,1,2016-08-01T00:00:57.000+08:00,2016-08-01T00:28:28.000+08:00,N,1,132,14,,,,,2,19.5,51.5,0.0,0.5,0.0,0.0,0.0,0.3,52.3,2,0,CMT,"Creative Mobile Technologies, LLC",Aug,August,Cash,,Queens,JFK Airport,Airports,Brooklyn,Bay Ridge,Boro Zone,2016,8,1,0,0,57,2016,8,1,0,28,28
yellow,1,2016-08-01T00:00:52.000+08:00,2016-08-01T00:05:18.000+08:00,N,1,68,48,,,,,1,1.5,6.5,0.5,0.5,0.0,0.0,0.0,0.3,7.8,2,0,CMT,"Creative Mobile Technologies, LLC",Aug,August,Cash,,Manhattan,East Chelsea,Yellow Zone,Manhattan,Clinton East,Yellow Zone,2016,8,1,0,0,52,2016,8,1,0,5,18
yellow,1,2016-08-01T00:00:47.000+08:00,2016-08-01T00:09:23.000+08:00,N,1,234,230,,,,,1,1.7,8.5,0.5,0.5,1.95,0.0,0.0,0.3,11.75,1,0,CMT,"Creative Mobile Technologies, LLC",Aug,August,Credit card,,Manhattan,Union Sq,Yellow Zone,Manhattan,Times Sq/Theatre District,Yellow Zone,2016,8,1,0,0,47,2016,8,1,0,9,23
yellow,2,2016-08-01T00:00:11.000+08:00,2016-08-01T00:07:10.000+08:00,N,1,263,74,,,,,1,1.84,8.0,0.5,0.5,0.0,0.0,0.0,0.3,9.3,2,0,VFI,VeriFone Inc.,Aug,August,Cash,,Manhattan,Yorkville West,Yellow Zone,Manhattan,East Harlem North,Boro Zone,2016,8,1,0,0,11,2016,8,1,0,7,10
yellow,1,2016-08-01T00:00:38.000+08:00,2016-08-01T00:14:54.000+08:00,N,1,138,41,,,,,1,6.4,20.0,0.5,0.5,2.0,5.54,0.0,0.3,28.84,1,0,CMT,"Creative Mobile Technologies, LLC",Aug,August,Credit card,,Queens,LaGuardia Airport,Airports,Manhattan,Central Harlem,Boro Zone,2016,8,1,0,0,38,2016,8,1,0,14,54
yellow,2,2016-08-01T00:00:02.000+08:00,2016-08-01T00:16:22.000+08:00,N,1,100,243,,,,,1,9.53,26.5,0.5,0.5,4.0,0.0,0.0,0.3,31.8,1,0,VFI,VeriFone Inc.,Aug,August,Credit card,,Manhattan,Garment District,Yellow Zone,Manhattan,Washington Heights North,Boro Zone,2016,8,1,0,0,2,2016,8,1,0,16,22
yellow,1,2016-08-01T00:01:03.000+08:00,2016-08-01T00:14:55.000+08:00,N,1,143,244,,,,,1,6.2,19.0,0.5,0.5,4.05,0.0,0.0,0.3,24.35,1,0,CMT,"Creative Mobile Technologies, LLC",Aug,August,Credit card,,Manhattan,Lincoln Square West,Yellow Zone,Manhattan,Washington Heights South,Boro Zone,2016,8,1,0,1,3,2016,8,1,0,14,55
yellow,1,2016-08-01T00:00:49.000+08:00,2016-08-01T00:18:42.000+08:00,N,1,100,244,,,,,1,7.6,23.0,0.5,0.5,0.0,0.0,0.0,0.3,24.3,2,0,CMT,"Creative Mobile Technologies, LLC",Aug,August,Cash,,Manhattan,Garment District,Yellow Zone,Manhattan,Washington Heights South,Boro Zone,2016,8,1,0,0,49,2016,8,1,0,18,42
yellow,2,2016-08-01T00:00:00.000+08:00,2016-08-01T16:58:59.000+08:00,N,2,239,132,,,,,1,23.43,52.0,0.3,0.5,0.0,5.54,0.0,0.3,58.64,2,0,VFI,VeriFone Inc.,Aug,August,Cash,,Manhattan,Upper West Side South,Yellow Zone,Queens,JFK Airport,Airports,2016,8,1,0,0,0,2016,8,1,16,58,59
yellow,2,2016-08-01T00:00:14.000+08:00,2016-08-01T00:05:51.000+08:00,N,1,163,50,,,,,6,0.62,5.5,0.5,0.5,0.0,0.0,0.0,0.3,6.8,1,0,VFI,VeriFone Inc.,Aug,August,Credit card,,Manhattan,Midtown North,Yellow Zone,Manhattan,Clinton West,Yellow Zone,2016,8,1,0,0,14,2016,8,1,0,5,51
yellow,1,2016-08-01T00:00:21.000+08:00,2016-08-01T00:20:13.000+08:00,N,1,138,162,,,,,1,8.3,26.0,0.5,0.5,2.0,0.0,0.0,0.3,29.3,1,0,CMT,"Creative Mobile Technologies, LLC",Aug,August,Credit card,,Queens,LaGuardia Airport,Airports,Manhattan,Midtown East,Yellow Zone,2016,8,1,0,0,21,2016,8,1,0,20,13
yellow,1,2016-08-01T00:00:14.000+08:00,2016-08-01T00:18:01.000+08:00,N,1,264,145,,,,,1,7.4,22.5,0.5,0.5,4.75,0.0,0.0,0.3,28.55,1,0,CMT,"Creative Mobile Technologies, LLC",Aug,August,Credit card,,Unknown,NV,N/A,Queens,Long Island City/Hunters Point,Boro Zone,2016,8,1,0,0,14,2016,8,1,0,18,1
yellow,2,2016-08-01T00:00:06.000+08:00,2016-08-01T00:04:34.000+08:00,N,1,68,246,,,,,1,1.06,5.5,0.5,0.5,1.0,0.0,0.0,0.3,7.8,1,0,VFI,VeriFone Inc.,Aug,August,Credit card,,Manhattan,East Chelsea,Yellow Zone,Manhattan,West Chelsea/Hudson Yards,Yellow Zone,2016,8,1,0,0,6,2016,8,1,0,4,34
yellow,1,2016-08-01T00:00:23.000+08:00,2016-08-01T00:07:44.000+08:00,N,1,114,231,,,,,1,1.5,7.5,0.5,0.5,1.75,0.0,0.0,0.3,10.55,1,0,CMT,"Creative Mobile Technologies, LLC",Aug,August,Credit card,,Manhattan,Greenwich Village South,Yellow Zone,Manhattan,TriBeCa/Civic Center,Yellow Zone,2016,8,1,0,0,23,2016,8,1,0,7,44
yellow,1,2016-08-01T00:00:50.000+08:00,2016-08-01T00:16:13.000+08:00,N,1,87,68,,,,,1,3.7,14.0,0.5,0.5,3.05,0.0,0.0,0.3,18.35,1,0,CMT,"Creative Mobile Technologies, LLC",Aug,August,Credit card,,Manhattan,Financial District North,Yellow Zone,Manhattan,East Chelsea,Yellow Zone,2016,8,1,0,0,50,2016,8,1,0,16,13
yellow,1,2016-08-01T00:00:52.000+08:00,2016-08-01T00:28:46.000+08:00,N,1,132,36,,,,,1,14.5,40.0,0.5,0.5,0.0,0.0,0.0,0.3,41.3,1,0,CMT,"Creative Mobile Technologies, LLC",Aug,August,Credit card,,Queens,JFK Airport,Airports,Brooklyn,Bushwick North,Boro Zone,2016,8,1,0,0,52,2016,8,1,0,28,46
yellow,1,2016-08-01T00:00:11.000+08:00,2016-08-01T00:05:16.000+08:00,N,1,263,74,,,,,1,2.1,7.5,0.5,0.5,2.6,0.0,0.0,0.3,11.4,1,0,CMT,"Creative Mobile Technologies, LLC",Aug,August,Credit card,,Manhattan,Yorkville West,Yellow Zone,Manhattan,East Harlem North,Boro Zone,2016,8,1,0,0,11,2016,8,1,0,5,16
yellow,1,2016-08-01T00:01:04.000+08:00,2016-08-01T00:15:18.000+08:00,N,1,158,237,,,,,2,3.8,14.0,0.5,0.5,3.05,0.0,0.0,0.3,18.35,1,0,CMT,"Creative Mobile Technologies, LLC",Aug,August,Credit card,,Manhattan,Meatpacking/West Village West,Yellow Zone,Manhattan,Upper East Side South,Yellow Zone,2016,8,1,0,1,4,2016,8,1,0,15,18
yellow,1,2016-08-01T00:00:57.000+08:00,2016-08-01T00:22:34.000+08:00,N,1,249,42,,,,,1,8.0,25.0,0.5,0.5,0.0,0.0,0.0,0.3,26.3,2,0,CMT,"Creative Mobile Technologies, LLC",Aug,August,Cash,,Manhattan,West Village,Yellow Zone,Manhattan,Central Harlem North,Boro Zone,2016,8,1,0,0,57,2016,8,1,0,22,34
yellow,2,2016-08-01T00:00:11.000+08:00,2016-08-01T00:08:57.000+08:00,N,1,229,164,,,,,5,1.74,8.0,0.5,0.5,0.0,0.0,0.0,0.3,9.3,1,0,VFI,VeriFone Inc.,Aug,August,Credit card,,Manhattan,Sutton Place/Turtle Bay North,Yellow Zone,Manhattan,Midtown South,Yellow Zone,2016,8,1,0,0,11,2016,8,1,0,8,57
yellow,2,2016-08-01T00:00:00.000+08:00,2016-08-01T00:10:45.000+08:00,N,1,65,49,,,,,5,2.07,9.5,0.5,0.5,2.7,0.0,0.0,0.3,13.5,1,0,VFI,VeriFone Inc.,Aug,August,Credit card,,Brooklyn,Downtown Brooklyn/MetroTech,Boro Zone,Brooklyn,Clinton Hill,Boro Zone,2016,8,1,0,0,0,2016,8,1,0,10,45
yellow,1,2016-08-01T00:00:49.000+08:00,2016-08-01T00:07:09.000+08:00,N,1,79,162,,,,,1,2.3,8.5,0.5,0.5,1.95,0.0,0.0,0.3,11.75,1,0,CMT,"Creative Mobile Technologies, LLC",Aug,August,Credit card,,Manhattan,East Village,Yellow Zone,Manhattan,Midtown East,Yellow Zone,2016,8,1,0,0,49,2016,8,1,0,7,9
yellow,1,2016-08-01T00:00:03.000+08:00,2016-08-01T00:03:45.000+08:00,N,1,141,162,,,,,2,0.7,4.5,0.5,0.5,1.15,0.0,0.0,0.3,6.95,1,0,CMT,"Creative Mobile Technologies, LLC",Aug,August,Credit card,,Manhattan,Lenox Hill West,Yellow Zone,Manhattan,Midtown East,Yellow Zone,2016,8,1,0,0,3,2016,8,1,0,3,45
yellow,1,2016-08-01T00:00:13.000+08:00,2016-08-01T00:05:20.000+08:00,N,1,148,232,,,,,1,0.8,5.5,0.5,0.5,0.0,0.0,0.0,0.3,6.8,3,0,CMT,"Creative Mobile Technologies, LLC",Aug,August,No charge,,Manhattan,Lower East Side,Yellow Zone,Manhattan,Two Bridges/Seward Park,Yellow Zone,2016,8,1,0,0,13,2016,8,1,0,5,20
yellow,2,2016-08-01T00:00:10.000+08:00,2016-08-01T00:15:35.000+08:00,N,1,233,7,,,,,5,3.23,13.5,0.5,0.5,1.0,0.0,0.0,0.3,15.8,1,0,VFI,VeriFone Inc.,Aug,August,Credit card,,Manhattan,UN/Turtle Bay South,Yellow Zone,Queens,Astoria,Boro Zone,2016,8,1,0,0,10,2016,8,1,0,15,35
yellow,1,2016-08-01T00:00:57.000+08:00,2016-08-01T00:09:48.000+08:00,N,1,75,42,,,,,1,2.3,9.5,0.5,0.5,0.0,0.0,0.0,0.3,10.8,2,0,CMT,"Creative Mobile Technologies, LLC",Aug,August,Cash,,Manhattan,East Harlem South,Boro Zone,Manhattan,Central Harlem North,Boro Zone,2016,8,1,0,0,57,2016,8,1,0,9,48
yellow,1,2016-08-01T00:00:46.000+08:00,2016-08-01T00:04:06.000+08:00,N,1,234,90,,,,,1,0.6,4.5,0.5,0.5,1.0,0.0,0.0,0.3,6.8,1,0,CMT,"Creative Mobile Technologies, LLC",Aug,August,Credit card,,Manhattan,Union Sq,Yellow Zone,Manhattan,Flatiron,Yellow Zone,2016,8,1,0,0,46,2016,8,1,0,4,6
yellow,1,2016-08-01T00:00:57.000+08:00,2016-08-01T00:07:07.000+08:00,N,1,138,129,,,,,1,1.0,6.0,0.5,0.5,1.8,0.0,0.0,0.3,9.1,1,0,CMT,"Creative Mobile Technologies, LLC",Aug,August,Credit card,,Queens,LaGuardia Airport,Airports,Queens,Jackson Heights,Boro Zone,2016,8,1,0,0,57,2016,8,1,0,7,7
yellow,1,2016-08-01T00:00:22.000+08:00,2016-08-01T00:04:05.000+08:00,N,1,79,148,,,,,1,0.7,4.5,0.5,0.5,1.0,0.0,0.0,0.3,6.8,1,0,CMT,"Creative Mobile Technologies, LLC",Aug,August,Credit card,,Manhattan,East Village,Yellow Zone,Manhattan,Lower East Side,Yellow Zone,2016,8,1,0,0,22,2016,8,1,0,4,5
yellow,1,2016-08-01T00:00:19.000+08:00,2016-08-01T00:03:36.000+08:00,N,1,141,229,,,,,1,1.0,5.5,0.5,0.5,0.0,0.0,0.0,0.3,6.8,2,0,CMT,"Creative Mobile Technologies, LLC",Aug,August,Cash,,Manhattan,Lenox Hill West,Yellow Zone,Manhattan,Sutton Place/Turtle Bay North,Yellow Zone,2016,8,1,0,0,19,2016,8,1,0,3,36
yellow,1,2016-08-01T00:00:22.000+08:00,2016-08-01T00:10:45.000+08:00,N,1,161,246,,,,,1,1.9,9.5,0.5,0.5,1.0,0.0,0.0,0.3,11.8,1,0,CMT,"Creative Mobile Technologies, LLC",Aug,August,Credit card,,Manhattan,Midtown Center,Yellow Zone,Manhattan,West Chelsea/Hudson Yards,Yellow Zone,2016,8,1,0,0,22,2016,8,1,0,10,45
yellow,1,2016-08-01T00:00:05.000+08:00,2016-08-01T00:14:52.000+08:00,N,1,7,179,,,,,2,3.0,12.5,0.5,0.5,3.45,0.0,0.0,0.3,17.25,1,0,CMT,"Creative Mobile Technologies, LLC",Aug,August,Credit card,,Queens,Astoria,Boro Zone,Queens,Old Astoria,Boro Zone,2016,8,1,0,0,5,2016,8,1,0,14,52
yellow,1,2016-08-01T00:00:21.000+08:00,2016-08-01T00:33:45.000+08:00,N,2,132,244,,,,,1,21.7,52.0,0.0,0.5,0.0,5.54,0.0,0.3,58.34,2,0,CMT,"Creative Mobile Technologies, LLC",Aug,August,Cash,,Queens,JFK Airport,Airports,Manhattan,Washington Heights South,Boro Zone,2016,8,1,0,0,21,2016,8,1,0,33,45
yellow,1,2016-08-01T00:01:05.000+08:00,2016-08-01T00:22:26.000+08:00,N,1,163,116,,,,,3,5.3,20.0,0.5,0.5,0.0,0.0,0.0,0.3,21.3,2,0,CMT,"Creative Mobile Technologies, LLC",Aug,August,Cash,,Manhattan,Midtown North,Yellow Zone,Manhattan,Hamilton Heights,Boro Zone,2016,8,1,0,1,5,2016,8,1,0,22,26
yellow,1,2016-08-01T00:01:07.000+08:00,2016-08-01T00:48:42.000+08:00,N,1,113,244,,,,,1,10.4,38.0,0.5,0.5,6.0,0.0,0.0,0.3,45.3,1,0,CMT,"Creative Mobile Technologies, LLC",Aug,August,Credit card,,Manhattan,Greenwich Village North,Yellow Zone,Manhattan,Washington Heights South,Boro Zone,2016,8,1,0,1,7,2016,8,1,0,48,42
yellow,1,2016-08-01T00:00:45.000+08:00,2016-08-01T00:07:04.000+08:00,N,1,158,90,,,,,1,0.7,6.0,0.5,0.5,1.45,0.0,0.0,0.3,8.75,1,0,CMT,"Creative Mobile Technologies, LLC",Aug,August,Credit card,,Manhattan,Meatpacking/West Village West,Yellow Zone,Manhattan,Flatiron,Yellow Zone,2016,8,1,0,0,45,2016,8,1,0,7,4
yellow,1,2016-08-01T00:00:49.000+08:00,2016-08-01T00:05:51.000+08:00,N,1,107,186,,,,,1,1.2,6.0,0.5,0.5,0.0,0.0,0.0,0.3,7.3,1,0,CMT,"Creative Mobile Technologies, LLC",Aug,August,Credit card,,Manhattan,Gramercy,Yellow Zone,Manhattan,Penn Station/Madison Sq West,Yellow Zone,2016,8,1,0,0,49,2016,8,1,0,5,51
yellow,1,2016-08-01T00:00:51.000+08:00,2016-08-01T00:07:47.000+08:00,N,1,230,161,,,,,2,0.7,6.0,0.5,0.5,1.45,0.0,0.0,0.3,8.75,1,0,CMT,"Creative Mobile Technologies, LLC",Aug,August,Credit card,,Manhattan,Times Sq/Theatre District,Yellow Zone,Manhattan,Midtown Center,Yellow Zone,2016,8,1,0,0,51,2016,8,1,0,7,47
yellow,2,2016-08-01T00:00:13.000+08:00,2016-08-01T00:05:06.000+08:00,N,1,161,237,,,,,1,0.95,5.5,0.5,0.5,0.0,0.0,0.0,0.3,6.8,2,0,VFI,VeriFone Inc.,Aug,August,Cash,,Manhattan,Midtown Center,Yellow Zone,Manhattan,Upper East Side South,Yellow Zone,2016,8,1,0,0,13,2016,8,1,0,5,6
yellow,1,2016-08-01T00:00:49.000+08:00,2016-08-01T00:16:39.000+08:00,N,1,138,170,,,,,1,8.1,24.0,0.5,0.5,6.15,5.54,0.0,0.3,36.99,1,0,CMT,"Creative Mobile Technologies, LLC",Aug,August,Credit card,,Queens,LaGuardia Airport,Airports,Manhattan,Murray Hill,Yellow Zone,2016,8,1,0,0,49,2016,8,1,0,16,39
yellow,1,2016-08-01T00:00:59.000+08:00,2016-08-01T00:12:01.000+08:00,N,1,230,164,,,,,1,1.3,8.5,0.5,0.5,0.0,0.0,0.0,0.3,9.8,2,0,CMT,"Creative Mobile Technologies, LLC",Aug,August,Cash,,Manhattan,Times Sq/Theatre District,Yellow Zone,Manhattan,Midtown South,Yellow Zone,2016,8,1,0,0,59,2016,8,1,0,12,1
yellow,1,2016-08-01T00:00:59.000+08:00,2016-08-01T00:02:38.000+08:00,N,1,114,113,,,,,1,0.4,3.5,0.5,0.5,0.0,0.0,0.0,0.3,4.8,2,0,CMT,"Creative Mobile Technologies, LLC",Aug,August,Cash,,Manhattan,Greenwich Village South,Yellow Zone,Manhattan,Greenwich Village North,Yellow Zone,2016,8,1,0,0,59,2016,8,1,0,2,38
yellow,1,2016-08-01T00:00:27.000+08:00,2016-08-01T00:09:05.000+08:00,N,1,239,48,,,,,1,2.3,9.5,0.5,0.5,1.0,0.0,0.0,0.3,11.8,1,0,CMT,"Creative Mobile Technologies, LLC",Aug,August,Credit card,,Manhattan,Upper West Side South,Yellow Zone,Manhattan,Clinton East,Yellow Zone,2016,8,1,0,0,27,2016,8,1,0,9,5
yellow,1,2016-08-01T00:00:57.000+08:00,2016-08-01T00:07:29.000+08:00,N,1,186,162,,,,,1,1.6,7.0,0.5,0.5,0.0,0.0,0.0,0.3,8.3,2,0,CMT,"Creative Mobile Technologies, LLC",Aug,August,Cash,,Manhattan,Penn Station/Madison Sq West,Yellow Zone,Manhattan,Midtown East,Yellow Zone,2016,8,1,0,0,57,2016,8,1,0,7,29
yellow,2,2016-08-01T00:00:05.000+08:00,2016-08-01T00:10:46.000+08:00,N,1,237,224,,,,,1,2.81,11.0,0.5,0.5,2.0,0.0,0.0,0.3,14.3,1,0,VFI,VeriFone Inc.,Aug,August,Credit card,,Manhattan,Upper East Side South,Yellow Zone,Manhattan,Stuy Town/Peter Cooper Village,Yellow Zone,2016,8,1,0,0,5,2016,8,1,0,10,46
yellow,2,2016-08-01T00:00:14.000+08:00,2016-08-01T00:08:53.000+08:00,N,1,114,261,,,,,1,1.98,8.5,0.5,0.5,1.96,0.0,0.0,0.3,11.76,1,0,VFI,VeriFone Inc.,Aug,August,Credit card,,Manhattan,Greenwich Village South,Yellow Zone,Manhattan,World Trade Center,Yellow Zone,2016,8,1,0,0,14,2016,8,1,0,8,53
yellow,2,2016-08-01T00:00:06.000+08:00,2016-08-01T00:33:31.000+08:00,N,2,132,114,,,,,1,18.92,52.0,0.0,0.5,10.56,0.0,0.0,0.3,63.36,1,0,VFI,VeriFone Inc.,Aug,August,Credit card,,Queens,JFK Airport,Airports,Manhattan,Greenwich Village South,Yellow Zone,2016,8,1,0,0,6,2016,8,1,0,33,31
yellow,1,2016-08-01T00:00:30.000+08:00,2016-08-01T00:04:13.000+08:00,N,1,100,68,,,,,1,0.7,4.5,0.5,0.5,0.0,0.0,0.0,0.3,5.8,2,0,CMT,"Creative Mobile Technologies, LLC",Aug,August,Cash,,Manhattan,Garment District,Yellow Zone,Manhattan,East Chelsea,Yellow Zone,2016,8,1,0,0,30,2016,8,1,0,4,13
yellow,1,2016-08-01T00:00:25.000+08:00,2016-08-01T00:36:16.000+08:00,N,2,132,158,,,,,1,18.4,52.0,0.0,0.5,11.65,5.54,0.0,0.3,69.99,1,0,CMT,"Creative Mobile Technologies, LLC",Aug,August,Credit card,,Queens,JFK Airport,Airports,Manhattan,Meatpacking/West Village West,Yellow Zone,2016,8,1,0,0,25,2016,8,1,0,36,16
yellow,1,2016-08-01T00:00:43.000+08:00,2016-08-01T00:35:28.000+08:00,N,1,188,116,,,,,1,15.5,45.5,0.5,0.5,9.35,0.0,0.0,0.3,56.15,1,0,CMT,"Creative Mobile Technologies, LLC",Aug,August,Credit card,,Brooklyn,Prospect-Lefferts Gardens,Boro Zone,Manhattan,Hamilton Heights,Boro Zone,2016,8,1,0,0,43,2016,8,1,0,35,28
yellow,1,2016-08-01T00:00:10.000+08:00,2016-08-01T00:03:49.000+08:00,N,1,79,45,,,,,1,0.8,5.0,0.5,0.5,1.0,0.0,0.0,0.3,7.3,1,0,CMT,"Creative Mobile Technologies, LLC",Aug,August,Credit card,,Manhattan,East Village,Yellow Zone,Manhattan,Chinatown,Yellow Zone,2016,8,1,0,0,10,2016,8,1,0,3,49
yellow,1,2016-08-01T00:00:45.000+08:00,2016-08-01T00:06:10.000+08:00,N,1,143,163,,,,,1,1.0,5.5,0.5,0.5,0.0,0.0,0.0,0.3,6.8,2,0,CMT,"Creative Mobile Technologies, LLC",Aug,August,Cash,,Manhattan,Lincoln Square West,Yellow Zone,Manhattan,Midtown North,Yellow Zone,2016,8,1,0,0,45,2016,8,1,0,6,10
yellow,2,2016-08-01T00:00:12.000+08:00,2016-08-01T00:05:26.000+08:00,N,1,236,262,,,,,1,0.83,5.5,0.5,0.5,0.0,0.0,0.0,0.3,6.8,2,0,VFI,VeriFone Inc.,Aug,August,Cash,,Manhattan,Upper East Side North,Yellow Zone,Manhattan,Yorkville East,Yellow Zone,2016,8,1,0,0,12,2016,8,1,0,5,26
yellow,1,2016-08-01T00:00:38.000+08:00,2016-08-01T00:22:53.000+08:00,N,1,264,264,,,,,2,10.0,29.0,0.5,0.5,7.15,5.54,0.0,0.3,42.99,1,0,CMT,"Creative Mobile Technologies, LLC",Aug,August,Credit card,,Unknown,NV,N/A,Unknown,NV,N/A,2016,8,1,0,0,38,2016,8,1,0,22,53
yellow,1,2016-08-01T00:00:55.000+08:00,2016-08-01T00:08:18.000+08:00,N,1,249,79,,,,,1,1.3,7.5,0.5,0.5,2.0,0.0,0.0,0.3,10.8,1,0,CMT,"Creative Mobile Technologies, LLC",Aug,August,Credit card,,Manhattan,West Village,Yellow Zone,Manhattan,East Village,Yellow Zone,2016,8,1,0,0,55,2016,8,1,0,8,18
yellow,1,2016-08-01T00:00:13.000+08:00,2016-08-01T00:20:11.000+08:00,N,1,231,89,,,,,1,5.6,19.0,0.5,0.5,4.0,0.0,0.0,0.3,24.3,1,0,CMT,"Creative Mobile Technologies, LLC",Aug,August,Credit card,,Manhattan,TriBeCa/Civic Center,Yellow Zone,Brooklyn,Flatbush/Ditmas Park,Boro Zone,2016,8,1,0,0,13,2016,8,1,0,20,11
green,2,2016-08-01T00:03:24.000+08:00,2016-08-01T00:13:17.000+08:00,N,1,256,79,,,,,2,2.79,10.5,0.5,0.5,1.0,0.0,,0.3,12.8,1,1,VFI,VeriFone Inc.,Aug,August,Credit card,Standard rate,Brooklyn,Williamsburg (South Side),Boro Zone,Manhattan,East Village,Yellow Zone,2016,8,1,0,3,24,2016,8,1,0,13,17
green,2,2016-08-01T00:01:02.000+08:00,2016-08-01T00:18:56.000+08:00,N,1,244,161,,,,,1,7.29,22.5,0.5,0.5,3.0,0.0,,0.3,26.8,1,1,VFI,VeriFone Inc.,Aug,August,Credit card,Standard rate,Manhattan,Washington Heights South,Boro Zone,Manhattan,Midtown Center,Yellow Zone,2016,8,1,0,1,2,2016,8,1,0,18,56
green,2,2016-08-01T00:00:54.000+08:00,2016-08-01T00:34:39.000+08:00,N,1,41,188,,,,,1,15.12,43.5,0.5,0.5,0.0,5.54,,0.3,50.34,1,1,VFI,VeriFone Inc.,Aug,August,Credit card,Standard rate,Manhattan,Central Harlem,Boro Zone,Brooklyn,Prospect-Lefferts Gardens,Boro Zone,2016,8,1,0,0,54,2016,8,1,0,34,39
green,2,2016-08-01T00:28:15.000+08:00,2016-08-01T00:33:09.000+08:00,N,1,83,83,,,,,3,0.86,5.5,0.5,0.5,0.0,0.0,,0.3,6.8,2,1,VFI,VeriFone Inc.,Aug,August,Cash,Standard rate,Queens,Elmhurst/Maspeth,Boro Zone,Queens,Elmhurst/Maspeth,Boro Zone,2016,8,1,0,28,15,2016,8,1,0,33,9
green,2,2016-08-01T00:02:04.000+08:00,2016-08-01T00:17:33.000+08:00,N,1,52,228,,,,,1,3.34,14.0,0.5,0.5,0.0,0.0,,0.3,15.3,2,1,VFI,VeriFone Inc.,Aug,August,Cash,Standard rate,Brooklyn,Cobble Hill,Boro Zone,Brooklyn,Sunset Park West,Boro Zone,2016,8,1,0,2,4,2016,8,1,0,17,33
green,2,2016-08-01T00:06:50.000+08:00,2016-08-01T00:44:15.000+08:00,N,1,255,14,,,,,2,9.83,36.0,0.5,0.5,7.46,0.0,,0.3,44.76,1,1,VFI,VeriFone Inc.,Aug,August,Credit card,Standard rate,Brooklyn,Williamsburg (North Side),Boro Zone,Brooklyn,Bay Ridge,Boro Zone,2016,8,1,0,6,50,2016,8,1,0,44,15
green,2,2016-08-01T00:01:44.000+08:00,2016-08-01T00:08:03.000+08:00,N,1,56,129,,,,,1,1.1,6.5,0.5,0.5,0.0,0.0,,0.3,7.8,2,1,VFI,VeriFone Inc.,Aug,August,Cash,Standard rate,Queens,Corona,Boro Zone,Queens,Jackson Heights,Boro Zone,2016,8,1,0,1,44,2016,8,1,0,8,3
green,2,2016-08-01T00:00:11.000+08:00,2016-08-01T00:13:14.000+08:00,N,1,181,61,,,,,1,3.31,12.5,0.5,0.5,0.0,0.0,,0.3,13.8,2,1,VFI,VeriFone Inc.,Aug,August,Cash,Standard rate,Brooklyn,Park Slope,Boro Zone,Brooklyn,Crown Heights North,Boro Zone,2016,8,1,0,0,11,2016,8,1,0,13,14
green,2,2016-08-01T00:51:03.000+08:00,2016-08-01T01:14:45.000+08:00,N,5,216,198,,,,,1,6.1,25.0,0.0,0.0,0.0,0.0,,0.0,25.0,2,2,VFI,VeriFone Inc.,Aug,August,Cash,Negotiated fare,Queens,South Ozone Park,Boro Zone,Queens,Ridgewood,Boro Zone,2016,8,1,0,51,3,2016,8,1,1,14,45
green,2,2016-08-01T00:29:31.000+08:00,2016-08-01T00:45:11.000+08:00,N,1,181,61,,,,,1,3.68,14.0,0.5,0.5,0.0,0.0,,0.3,15.3,2,1,VFI,VeriFone Inc.,Aug,August,Cash,Standard rate,Brooklyn,Park Slope,Boro Zone,Brooklyn,Crown Heights North,Boro Zone,2016,8,1,0,29,31,2016,8,1,0,45,11
green,2,2016-08-01T00:33:10.000+08:00,2016-08-01T00:46:54.000+08:00,N,1,255,260,,,,,1,5.11,16.5,0.5,0.5,0.0,0.0,,0.3,17.8,2,1,VFI,VeriFone Inc.,Aug,August,Cash,Standard rate,Brooklyn,Williamsburg (North Side),Boro Zone,Queens,Woodside,Boro Zone,2016,8,1,0,33,10,2016,8,1,0,46,54
green,2,2016-08-01T00:00:03.000+08:00,2016-08-01T00:07:44.000+08:00,N,1,65,195,,,,,2,2.25,9.0,0.5,0.5,0.0,0.0,,0.3,10.3,2,1,VFI,VeriFone Inc.,Aug,August,Cash,Standard rate,Brooklyn,Downtown Brooklyn/MetroTech,Boro Zone,Brooklyn,Red Hook,Boro Zone,2016,8,1,0,0,3,2016,8,1,0,7,44
green,2,2016-08-01T00:36:09.000+08:00,2016-08-01T00:41:41.000+08:00,N,1,188,89,,,,,1,1.04,6.0,0.5,0.5,0.0,0.0,,0.3,7.3,2,1,VFI,VeriFone Inc.,Aug,August,Cash,Standard rate,Brooklyn,Prospect-Lefferts Gardens,Boro Zone,Brooklyn,Flatbush/Ditmas Park,Boro Zone,2016,8,1,0,36,9,2016,8,1,0,41,41
green,2,2016-08-01T00:00:05.000+08:00,2016-08-01T00:04:07.000+08:00,N,1,220,127,,,,,1,1.01,5.5,0.5,0.5,0.0,0.0,,0.3,6.8,2,1,VFI,VeriFone Inc.,Aug,August,Cash,Standard rate,Bronx,Spuyten Duyvil/Kingsbridge,Boro Zone,Manhattan,Inwood,Boro Zone,2016,8,1,0,0,5,2016,8,1,0,4,7
green,2,2016-08-01T00:12:46.000+08:00,2016-08-01T00:27:37.000+08:00,N,1,255,198,,,,,2,3.26,13.0,0.5,0.5,4.29,0.0,,0.3,18.59,1,1,VFI,VeriFone Inc.,Aug,August,Credit card,Standard rate,Brooklyn,Williamsburg (North Side),Boro Zone,Queens,Ridgewood,Boro Zone,2016,8,1,0,12,46,2016,8,1,0,27,37
green,2,2016-08-01T00:00:13.000+08:00,2016-08-01T00:07:05.000+08:00,N,1,41,239,,,,,1,1.77,7.5,0.5,0.5,0.0,0.0,,0.3,8.8,1,1,VFI,VeriFone Inc.,Aug,August,Credit card,Standard rate,Manhattan,Central Harlem,Boro Zone,Manhattan,Upper West Side South,Yellow Zone,2016,8,1,0,0,13,2016,8,1,0,7,5
green,2,2016-08-01T00:32:33.000+08:00,2016-08-01T00:36:06.000+08:00,N,1,260,157,,,,,5,0.98,5.0,0.5,0.5,0.0,0.0,,0.3,6.3,2,1,VFI,VeriFone Inc.,Aug,August,Cash,Standard rate,Queens,Woodside,Boro Zone,Queens,Maspeth,Boro Zone,2016,8,1,0,32,33,2016,8,1,0,36,6
green,2,2016-08-01T00:35:35.000+08:00,2016-08-01T00:47:15.000+08:00,N,1,255,17,,,,,1,2.84,11.5,0.5,0.5,0.0,0.0,,0.3,12.8,2,1,VFI,VeriFone Inc.,Aug,August,Cash,Standard rate,Brooklyn,Williamsburg (North Side),Boro Zone,Brooklyn,Bedford,Boro Zone,2016,8,1,0,35,35,2016,8,1,0,47,15
green,2,2016-08-01T00:36:20.000+08:00,2016-08-01T00:41:42.000+08:00,N,1,256,255,,,,,1,0.63,5.5,0.5,0.5,0.0,0.0,,0.3,6.8,2,1,VFI,VeriFone Inc.,Aug,August,Cash,Standard rate,Brooklyn,Williamsburg (South Side),Boro Zone,Brooklyn,Williamsburg (North Side),Boro Zone,2016,8,1,0,36,20,2016,8,1,0,41,42
green,2,2016-08-01T00:38:52.000+08:00,2016-08-01T00:52:46.000+08:00,N,1,7,129,,,,,2,2.87,12.0,0.5,0.5,0.0,0.0,,0.3,13.3,2,1,VFI,VeriFone Inc.,Aug,August,Cash,Standard rate,Queens,Astoria,Boro Zone,Queens,Jackson Heights,Boro Zone,2016,8,1,0,38,52,2016,8,1,0,52,46
green,2,2016-08-01T00:56:10.000+08:00,2016-08-01T01:08:48.000+08:00,N,1,7,170,,,,,5,3.97,14.0,0.5,0.5,0.0,0.0,,0.3,15.3,2,1,VFI,VeriFone Inc.,Aug,August,Cash,Standard rate,Queens,Astoria,Boro Zone,Manhattan,Murray Hill,Yellow Zone,2016,8,1,0,56,10,2016,8,1,1,8,48
green,2,2016-08-01T00:00:16.000+08:00,2016-08-01T00:27:28.000+08:00,N,1,255,246,,,,,1,7.16,24.5,0.5,0.5,0.0,0.0,,0.3,25.8,2,1,VFI,VeriFone Inc.,Aug,August,Cash,Standard rate,Brooklyn,Williamsburg (North Side),Boro Zone,Manhattan,West Chelsea/Hudson Yards,Yellow Zone,2016,8,1,0,0,16,2016,8,1,0,27,28
green,2,2016-08-01T00:16:28.000+08:00,2016-08-01T00:32:16.000+08:00,N,1,92,175,,,,,1,5.81,18.5,0.5,0.5,3.96,0.0,,0.3,23.76,1,1,VFI,VeriFone Inc.,Aug,August,Credit card,Standard rate,Queens,Flushing,Boro Zone,Queens,Oakland Gardens,Boro Zone,2016,8,1,0,16,28,2016,8,1,0,32,16
green,2,2016-08-01T00:17:28.000+08:00,2016-08-01T00:21:42.000+08:00,N,1,243,244,,,,,1,0.88,5.5,0.5,0.5,1.36,0.0,,0.3,8.16,1,1,VFI,VeriFone Inc.,Aug,August,Credit card,Standard rate,Manhattan,Washington Heights North,Boro Zone,Manhattan,Washington Heights South,Boro Zone,2016,8,1,0,17,28,2016,8,1,0,21,42
green,2,2016-08-01T00:03:10.000+08:00,2016-08-01T23:44:07.000+08:00,N,1,65,189,,,,,1,1.37,6.0,0.5,0.5,0.0,0.0,,0.3,7.3,2,1,VFI,VeriFone Inc.,Aug,August,Cash,Standard rate,Brooklyn,Downtown Brooklyn/MetroTech,Boro Zone,Brooklyn,Prospect Heights,Boro Zone,2016,8,1,0,3,10,2016,8,1,23,44,7
green,2,2016-08-01T00:55:10.000+08:00,2016-08-01T00:55:16.000+08:00,N,5,89,89,,,,,1,0.0,80.0,0.0,0.0,16.0,0.0,,0.0,96.0,1,2,VFI,VeriFone Inc.,Aug,August,Credit card,Negotiated fare,Brooklyn,Flatbush/Ditmas Park,Boro Zone,Brooklyn,Flatbush/Ditmas Park,Boro Zone,2016,8,1,0,55,10,2016,8,1,0,55,16
green,2,2016-08-01T00:00:28.000+08:00,2016-08-01T00:03:15.000+08:00,N,1,17,17,,,,,1,0.62,4.0,0.5,0.5,0.0,0.0,,0.3,5.3,2,1,VFI,VeriFone Inc.,Aug,August,Cash,Standard rate,Brooklyn,Bedford,Boro Zone,Brooklyn,Bedford,Boro Zone,2016,8,1,0,0,28,2016,8,1,0,3,15
green,2,2016-08-01T00:28:25.000+08:00,2016-08-01T00:33:06.000+08:00,N,1,223,7,,,,,1,0.78,5.5,0.5,0.5,0.0,0.0,,0.3,6.8,2,1,VFI,VeriFone Inc.,Aug,August,Cash,Standard rate,Queens,Steinway,Boro Zone,Queens,Astoria,Boro Zone,2016,8,1,0,28,25,2016,8,1,0,33,6
green,2,2016-08-01T00:10:02.000+08:00,2016-08-01T00:21:39.000+08:00,N,1,223,173,,,,,1,2.63,11.0,0.5,0.5,0.0,0.0,,0.3,12.3,2,1,VFI,VeriFone Inc.,Aug,August,Cash,Standard rate,Queens,Steinway,Boro Zone,Queens,North Corona,Boro Zone,2016,8,1,0,10,2,2016,8,1,0,21,39
green,2,2016-08-01T00:01:05.000+08:00,2016-08-01T00:04:42.000+08:00,N,1,260,83,,,,,2,0.67,4.5,0.5,0.5,0.0,0.0,,0.3,5.8,2,1,VFI,VeriFone Inc.,Aug,August,Cash,Standard rate,Queens,Woodside,Boro Zone,Queens,Elmhurst/Maspeth,Boro Zone,2016,8,1,0,1,5,2016,8,1,0,4,42
green,2,2016-08-01T00:00:02.000+08:00,2016-08-01T00:07:41.000+08:00,N,1,145,7,,,,,1,1.17,7.0,0.5,0.5,0.0,0.0,,0.3,8.3,1,1,VFI,VeriFone Inc.,Aug,August,Credit card,Standard rate,Queens,Long Island City/Hunters Point,Boro Zone,Queens,Astoria,Boro Zone,2016,8,1,0,0,2,2016,8,1,0,7,41
green,2,2016-08-01T00:55:02.000+08:00,2016-08-01T01:03:57.000+08:00,N,1,37,112,,,,,1,2.02,9.0,0.5,0.5,2.06,0.0,,0.3,12.36,1,1,VFI,VeriFone Inc.,Aug,August,Credit card,Standard rate,Brooklyn,Bushwick South,Boro Zone,Brooklyn,Greenpoint,Boro Zone,2016,8,1,0,55,2,2016,8,1,1,3,57
green,2,2016-08-01T00:53:28.000+08:00,2016-08-01T01:12:04.000+08:00,N,1,181,14,,,,,1,4.18,16.5,0.5,0.5,0.0,0.0,,0.3,17.8,2,1,VFI,VeriFone Inc.,Aug,August,Cash,Standard rate,Brooklyn,Park Slope,Boro Zone,Brooklyn,Bay Ridge,Boro Zone,2016,8,1,0,53,28,2016,8,1,1,12,4
green,2,2016-08-01T00:34:17.000+08:00,2016-08-01T00:56:15.000+08:00,N,1,256,223,,,,,1,7.76,25.0,0.5,0.5,5.26,0.0,,0.3,31.56,1,1,VFI,VeriFone Inc.,Aug,August,Credit card,Standard rate,Brooklyn,Williamsburg (South Side),Boro Zone,Queens,Steinway,Boro Zone,2016,8,1,0,34,17,2016,8,1,0,56,15
green,2,2016-08-01T00:01:13.000+08:00,2016-08-01T00:05:33.000+08:00,N,1,41,42,,,,,1,0.91,5.5,0.5,0.5,2.04,0.0,,0.3,8.84,1,1,VFI,VeriFone Inc.,Aug,August,Credit card,Standard rate,Manhattan,Central Harlem,Boro Zone,Manhattan,Central Harlem North,Boro Zone,2016,8,1,0,1,13,2016,8,1,0,5,33
green,2,2016-08-01T00:05:40.000+08:00,2016-08-01T00:05:54.000+08:00,N,1,256,17,,,,,5,1.91,8.0,0.5,0.5,0.0,0.0,,0.3,9.3,2,1,VFI,VeriFone Inc.,Aug,August,Cash,Standard rate,Brooklyn,Williamsburg (South Side),Boro Zone,Brooklyn,Bedford,Boro Zone,2016,8,1,0,5,40,2016,8,1,0,5,54
green,2,2016-08-01T00:01:17.000+08:00,2016-08-01T00:12:56.000+08:00,N,1,74,116,,,,,1,2.16,10.0,0.5,0.5,0.0,0.0,,0.3,11.3,2,1,VFI,VeriFone Inc.,Aug,August,Cash,Standard rate,Manhattan,East Harlem North,Boro Zone,Manhattan,Hamilton Heights,Boro Zone,2016,8,1,0,1,17,2016,8,1,0,12,56
green,2,2016-08-01T00:23:31.000+08:00,2016-08-01T00:44:55.000+08:00,N,1,255,173,,,,,1,6.55,22.0,0.5,0.5,0.0,0.0,,0.3,23.3,2,1,VFI,VeriFone Inc.,Aug,August,Cash,Standard rate,Brooklyn,Williamsburg (North Side),Boro Zone,Queens,North Corona,Boro Zone,2016,8,1,0,23,31,2016,8,1,0,44,55
green,2,2016-08-01T00:23:54.000+08:00,2016-08-01T00:27:28.000+08:00,N,1,7,7,,,,,1,0.49,4.0,0.5,0.5,0.0,0.0,,0.3,5.3,2,1,VFI,VeriFone Inc.,Aug,August,Cash,Standard rate,Queens,Astoria,Boro Zone,Queens,Astoria,Boro Zone,2016,8,1,0,23,54,2016,8,1,0,27,28
green,2,2016-08-01T00:28:56.000+08:00,2016-08-01T00:33:44.000+08:00,N,1,7,223,,,,,1,1.04,5.5,0.5,0.5,0.0,0.0,,0.3,6.8,2,1,VFI,VeriFone Inc.,Aug,August,Cash,Standard rate,Queens,Astoria,Boro Zone,Queens,Steinway,Boro Zone,2016,8,1,0,28,56,2016,8,1,0,33,44
green,2,2016-08-01T00:09:23.000+08:00,2016-08-01T00:14:17.000+08:00,N,1,134,135,,,,,1,1.68,7.0,0.5,0.5,0.0,0.0,,0.3,8.3,2,1,VFI,VeriFone Inc.,Aug,August,Cash,Standard rate,Queens,Kew Gardens,Boro Zone,Queens,Kew Gardens Hills,Boro Zone,2016,8,1,0,9,23,2016,8,1,0,14,17
green,2,2016-08-01T00:34:09.000+08:00,2016-08-01T00:52:15.000+08:00,N,1,106,37,,,,,1,7.02,22.5,0.5,0.5,4.76,0.0,,0.3,30.51,1,1,VFI,VeriFone Inc.,Aug,August,Credit card,Standard rate,Brooklyn,Gowanus,Boro Zone,Brooklyn,Bushwick South,Boro Zone,2016,8,1,0,34,9,2016,8,1,0,52,15
green,2,2016-08-01T00:45:30.000+08:00,2016-08-01T00:49:53.000+08:00,N,1,7,7,,,,,5,0.96,5.5,0.5,0.5,0.0,0.0,,0.3,6.8,2,1,VFI,VeriFone Inc.,Aug,August,Cash,Standard rate,Queens,Astoria,Boro Zone,Queens,Astoria,Boro Zone,2016,8,1,0,45,30,2016,8,1,0,49,53
green,2,2016-08-01T00:02:46.000+08:00,2016-08-01T00:11:34.000+08:00,N,1,74,166,,,,,1,1.18,7.5,0.5,0.5,0.0,0.0,,0.3,8.8,2,1,VFI,VeriFone Inc.,Aug,August,Cash,Standard rate,Manhattan,East Harlem North,Boro Zone,Manhattan,Morningside Heights,Boro Zone,2016,8,1,0,2,46,2016,8,1,0,11,34
green,2,2016-08-01T00:31:12.000+08:00,2016-08-01T00:35:15.000+08:00,N,1,256,80,,,,,5,0.86,5.0,0.5,0.5,0.0,0.0,,0.3,6.3,2,1,VFI,VeriFone Inc.,Aug,August,Cash,Standard rate,Brooklyn,Williamsburg (South Side),Boro Zone,Brooklyn,East Williamsburg,Boro Zone,2016,8,1,0,31,12,2016,8,1,0,35,15
green,2,2016-08-01T00:02:01.000+08:00,2016-08-01T00:09:09.000+08:00,N,1,42,75,,,,,1,3.16,10.5,0.5,0.5,0.0,0.0,,0.3,11.8,1,1,VFI,VeriFone Inc.,Aug,August,Credit card,Standard rate,Manhattan,Central Harlem North,Boro Zone,Manhattan,East Harlem South,Boro Zone,2016,8,1,0,2,1,2016,8,1,0,9,9
green,2,2016-08-01T00:51:29.000+08:00,2016-08-01T01:01:17.000+08:00,N,1,166,74,,,,,5,1.28,8.0,0.5,0.5,0.0,0.0,,0.3,9.3,2,1,VFI,VeriFone Inc.,Aug,August,Cash,Standard rate,Manhattan,Morningside Heights,Boro Zone,Manhattan,East Harlem North,Boro Zone,2016,8,1,0,51,29,2016,8,1,1,1,17
green,2,2016-08-01T00:37:14.000+08:00,2016-08-01T00:46:42.000+08:00,N,1,130,205,,,,,3,2.24,10.0,0.5,0.5,0.0,0.0,,0.3,11.3,1,1,VFI,VeriFone Inc.,Aug,August,Credit card,Standard rate,Queens,Jamaica,Boro Zone,Queens,Saint Albans,Boro Zone,2016,8,1,0,37,14,2016,8,1,0,46,42
green,2,2016-08-01T00:00:44.000+08:00,2016-08-01T00:16:39.000+08:00,N,1,41,7,,,,,1,5.05,17.0,0.5,0.5,4.77,5.54,,0.3,28.61,1,1,VFI,VeriFone Inc.,Aug,August,Credit card,Standard rate,Manhattan,Central Harlem,Boro Zone,Queens,Astoria,Boro Zone,2016,8,1,0,0,44,2016,8,1,0,16,39
green,2,2016-08-01T00:40:59.000+08:00,2016-08-01T00:49:16.000+08:00,N,1,134,216,,,,,1,3.54,12.0,0.5,0.5,1.0,0.0,,0.3,14.3,1,1,VFI,VeriFone Inc.,Aug,August,Credit card,Standard rate,Queens,Kew Gardens,Boro Zone,Queens,South Ozone Park,Boro Zone,2016,8,1,0,40,59,2016,8,1,0,49,16
green,2,2016-08-01T00:00:55.000+08:00,2016-08-01T00:12:45.000+08:00,N,1,145,179,,,,,1,2.87,11.5,0.5,0.5,2.0,0.0,,0.3,14.8,1,1,VFI,VeriFone Inc.,Aug,August,Credit card,Standard rate,Queens,Long Island City/Hunters Point,Boro Zone,Queens,Old Astoria,Boro Zone,2016,8,1,0,0,55,2016,8,1,0,12,45
green,2,2016-08-01T00:47:43.000+08:00,2016-08-01T00:56:36.000+08:00,N,1,173,129,,,,,1,1.23,7.5,0.5,0.5,0.0,0.0,,0.3,8.8,2,1,VFI,VeriFone Inc.,Aug,August,Cash,Standard rate,Queens,North Corona,Boro Zone,Queens,Jackson Heights,Boro Zone,2016,8,1,0,47,43,2016,8,1,0,56,36
green,2,2016-08-01T00:01:49.000+08:00,2016-08-01T00:17:40.000+08:00,N,1,40,37,,,,,6,4.74,16.5,0.5,0.5,3.56,0.0,,0.3,21.36,1,1,VFI,VeriFone Inc.,Aug,August,Credit card,Standard rate,Brooklyn,Carroll Gardens,Boro Zone,Brooklyn,Bushwick South,Boro Zone,2016,8,1,0,1,49,2016,8,1,0,17,40
green,2,2016-08-01T00:11:33.000+08:00,2016-08-01T23:27:41.000+08:00,N,1,95,129,,,,,1,5.3,18.0,0.5,0.5,3.86,0.0,,0.3,23.16,1,1,VFI,VeriFone Inc.,Aug,August,Credit card,Standard rate,Queens,Forest Hills,Boro Zone,Queens,Jackson Heights,Boro Zone,2016,8,1,0,11,33,2016,8,1,23,27,41
green,2,2016-08-01T00:42:42.000+08:00,2016-08-01T00:54:22.000+08:00,N,1,95,130,,,,,1,3.19,12.0,0.5,0.5,0.0,0.0,,0.3,13.3,2,1,VFI,VeriFone Inc.,Aug,August,Cash,Standard rate,Queens,Forest Hills,Boro Zone,Queens,Jamaica,Boro Zone,2016,8,1,0,42,42,2016,8,1,0,54,22
green,2,2016-08-01T00:38:28.000+08:00,2016-08-01T00:49:22.000+08:00,N,1,112,112,,,,,1,1.39,8.5,0.5,0.5,0.0,0.0,,0.3,9.8,2,1,VFI,VeriFone Inc.,Aug,August,Cash,Standard rate,Brooklyn,Greenpoint,Boro Zone,Brooklyn,Greenpoint,Boro Zone,2016,8,1,0,38,28,2016,8,1,0,49,22
green,2,2016-08-01T00:01:58.000+08:00,2016-08-01T00:36:32.000+08:00,N,1,228,25,,,,,1,3.5,22.0,0.5,0.5,16.0,0.0,,0.3,39.3,1,1,VFI,VeriFone Inc.,Aug,August,Credit card,Standard rate,Brooklyn,Sunset Park West,Boro Zone,Brooklyn,Boerum Hill,Boro Zone,2016,8,1,0,1,58,2016,8,1,0,36,32
green,2,2016-08-01T00:49:52.000+08:00,2016-08-01T00:56:36.000+08:00,N,1,146,223,,,,,1,1.63,7.5,0.5,0.5,0.0,0.0,,0.3,8.8,2,1,VFI,VeriFone Inc.,Aug,August,Cash,Standard rate,Queens,Long Island City/Queens Plaza,Boro Zone,Queens,Steinway,Boro Zone,2016,8,1,0,49,52,2016,8,1,0,56,36
green,2,2016-08-01T00:10:27.000+08:00,2016-08-01T00:15:15.000+08:00,N,1,179,179,,,,,1,0.76,5.0,0.5,0.5,1.26,0.0,,0.3,7.56,1,1,VFI,VeriFone Inc.,Aug,August,Credit card,Standard rate,Queens,Old Astoria,Boro Zone,Queens,Old Astoria,Boro Zone,2016,8,1,0,10,27,2016,8,1,0,15,15
green,2,2016-08-01T00:26:48.000+08:00,2016-08-01T00:30:27.000+08:00,N,1,134,28,,,,,1,0.88,5.0,0.5,0.5,1.26,0.0,,0.3,7.56,1,1,VFI,VeriFone Inc.,Aug,August,Credit card,Standard rate,Queens,Kew Gardens,Boro Zone,Queens,Briarwood/Jamaica Hills,Boro Zone,2016,8,1,0,26,48,2016,8,1,0,30,27
green,2,2016-08-01T00:42:09.000+08:00,2016-08-01T00:53:45.000+08:00,N,1,82,160,,,,,1,2.17,10.5,0.5,0.5,0.0,0.0,,0.3,11.8,2,1,VFI,VeriFone Inc.,Aug,August,Cash,Standard rate,Queens,Elmhurst,Boro Zone,Queens,Middle Village,Boro Zone,2016,8,1,0,42,9,2016,8,1,0,53,45
green,2,2016-08-01T00:00:11.000+08:00,2016-08-01T00:07:45.000+08:00,N,1,82,157,,,,,2,1.92,8.5,0.5,0.5,0.0,0.0,,0.3,9.8,2,1,VFI,VeriFone Inc.,Aug,August,Cash,Standard rate,Queens,Elmhurst,Boro Zone,Queens,Maspeth,Boro Zone,2016,8,1,0,0,11,2016,8,1,0,7,45
green,2,2016-08-01T00:01:06.000+08:00,2016-08-01T00:08:25.000+08:00,N,1,82,129,,,,,1,1.3,7.0,0.5,0.5,0.0,0.0,,0.3,8.3,2,1,VFI,VeriFone Inc.,Aug,August,Cash,Standard rate,Queens,Elmhurst,Boro Zone,Queens,Jackson Heights,Boro Zone,2016,8,1,0,1,6,2016,8,1,0,8,25
green,2,2016-08-01T00:00:01.000+08:00,2016-08-01T00:06:55.000+08:00,N,1,173,82,,,,,1,1.33,7.0,0.5,0.5,0.0,0.0,,0.3,8.3,2,1,VFI,VeriFone Inc.,Aug,August,Cash,Standard rate,Queens,North Corona,Boro Zone,Queens,Elmhurst,Boro Zone,2016,8,1,0,0,1,2016,8,1,0,6,55
green,2,2016-08-01T00:18:56.000+08:00,2016-08-01T00:25:21.000+08:00,N,1,129,82,,,,,1,1.12,6.5,0.5,0.5,1.56,0.0,,0.3,9.36,1,1,VFI,VeriFone Inc.,Aug,August,Credit card,Standard rate,Queens,Jackson Heights,Boro Zone,Queens,Elmhurst,Boro Zone,2016,8,1,0,18,56,2016,8,1,0,25,21
green,2,2016-08-01T00:04:06.000+08:00,2016-08-01T00:14:16.000+08:00,N,1,7,260,,,,,1,1.82,9.0,0.5,0.5,0.0,0.0,,0.3,10.3,2,1,VFI,VeriFone Inc.,Aug,August,Cash,Standard rate,Queens,Astoria,Boro Zone,Queens,Woodside,Boro Zone,2016,8,1,0,4,6,2016,8,1,0,14,16
green,2,2016-08-01T00:08:25.000+08:00,2016-08-01T00:13:03.000+08:00,N,1,146,7,,,,,1,1.12,5.5,0.5,0.5,0.0,0.0,,0.3,6.8,1,1,VFI,VeriFone Inc.,Aug,August,Credit card,Standard rate,Queens,Long Island City/Queens Plaza,Boro Zone,Queens,Astoria,Boro Zone,2016,8,1,0,8,25,2016,8,1,0,13,3
green,2,2016-08-01T00:15:10.000+08:00,2016-08-01T00:21:49.000+08:00,N,1,223,129,,,,,1,2.9,10.0,0.5,0.5,0.0,0.0,,0.3,11.3,2,1,VFI,VeriFone Inc.,Aug,August,Cash,Standard rate,Queens,Steinway,Boro Zone,Queens,Jackson Heights,Boro Zone,2016,8,1,0,15,10,2016,8,1,0,21,49
green,2,2016-08-01T00:11:30.000+08:00,2016-08-01T00:19:14.000+08:00,N,1,260,7,,,,,1,1.7,8.0,0.5,0.5,2.32,0.0,,0.3,11.62,1,1,VFI,VeriFone Inc.,Aug,August,Credit card,Standard rate,Queens,Woodside,Boro Zone,Queens,Astoria,Boro Zone,2016,8,1,0,11,30,2016,8,1,0,19,14
green,2,2016-08-01T00:00:23.000+08:00,2016-08-01T00:04:35.000+08:00,N,1,223,223,,,,,1,0.69,5.0,0.5,0.5,1.0,0.0,,0.3,7.3,1,1,VFI,VeriFone Inc.,Aug,August,Credit card,Standard rate,Queens,Steinway,Boro Zone,Queens,Steinway,Boro Zone,2016,8,1,0,0,23,2016,8,1,0,4,35
green,2,2016-08-01T00:02:59.000+08:00,2016-08-01T00:10:52.000+08:00,N,1,80,198,,,,,1,2.04,8.5,0.5,0.5,0.0,0.0,,0.3,9.8,2,1,VFI,VeriFone Inc.,Aug,August,Cash,Standard rate,Brooklyn,East Williamsburg,Boro Zone,Queens,Ridgewood,Boro Zone,2016,8,1,0,2,59,2016,8,1,0,10,52
green,2,2016-08-01T00:24:04.000+08:00,2016-08-01T01:04:19.000+08:00,N,1,225,75,,,,,3,13.91,43.5,0.5,0.5,0.0,0.0,,0.3,44.8,2,1,VFI,VeriFone Inc.,Aug,August,Cash,Standard rate,Brooklyn,Stuyvesant Heights,Boro Zone,Manhattan,East Harlem South,Boro Zone,2016,8,1,0,24,4,2016,8,1,1,4,19
green,2,2016-08-01T00:01:12.000+08:00,2016-08-01T00:13:47.000+08:00,N,1,256,36,,,,,1,2.89,11.0,0.5,0.5,0.0,0.0,,0.3,12.3,2,1,VFI,VeriFone Inc.,Aug,August,Cash,Standard rate,Brooklyn,Williamsburg (South Side),Boro Zone,Brooklyn,Bushwick North,Boro Zone,2016,8,1,0,1,12,2016,8,1,0,13,47
green,2,2016-08-01T00:24:32.000+08:00,2016-08-01T00:27:00.000+08:00,N,1,244,244,,,,,1,0.57,4.0,0.5,0.5,1.06,0.0,,0.3,6.36,1,1,VFI,VeriFone Inc.,Aug,August,Credit card,Standard rate,Manhattan,Washington Heights South,Boro Zone,Manhattan,Washington Heights South,Boro Zone,2016,8,1,0,24,32,2016,8,1,0,27,0
green,2,2016-08-01T00:00:00.000+08:00,2016-08-01T00:19:54.000+08:00,N,1,181,36,,,,,2,4.97,18.0,0.5,0.5,4.82,0.0,,0.3,24.12,1,1,VFI,VeriFone Inc.,Aug,August,Credit card,Standard rate,Brooklyn,Park Slope,Boro Zone,Brooklyn,Bushwick North,Boro Zone,2016,8,1,0,0,0,2016,8,1,0,19,54
green,2,2016-08-01T00:15:16.000+08:00,2016-08-01T00:30:04.000+08:00,N,1,243,141,,,,,1,7.24,21.5,0.5,0.5,0.02,0.0,,0.3,22.82,1,1,VFI,VeriFone Inc.,Aug,August,Credit card,Standard rate,Manhattan,Washington Heights North,Boro Zone,Manhattan,Lenox Hill West,Yellow Zone,2016,8,1,0,15,16,2016,8,1,0,30,4
green,2,2016-08-01T00:01:08.000+08:00,2016-08-01T00:10:03.000+08:00,N,1,75,159,,,,,2,3.23,11.5,0.5,0.5,0.0,0.0,,0.3,12.8,1,1,VFI,VeriFone Inc.,Aug,August,Credit card,Standard rate,Manhattan,East Harlem South,Boro Zone,Bronx,Melrose South,Boro Zone,2016,8,1,0,1,8,2016,8,1,0,10,3
green,2,2016-08-01T00:01:24.000+08:00,2016-08-01T00:18:40.000+08:00,N,1,83,131,,,,,1,10.16,29.0,0.5,0.5,0.0,0.0,,0.3,30.3,2,1,VFI,VeriFone Inc.,Aug,August,Cash,Standard rate,Queens,Elmhurst/Maspeth,Boro Zone,Queens,Jamaica Estates,Boro Zone,2016,8,1,0,1,24,2016,8,1,0,18,40
green,2,2016-08-01T00:00:15.000+08:00,2016-08-01T00:10:33.000+08:00,N,1,134,216,,,,,1,4.05,13.5,0.5,0.5,0.0,0.0,,0.3,14.8,2,1,VFI,VeriFone Inc.,Aug,August,Cash,Standard rate,Queens,Kew Gardens,Boro Zone,Queens,South Ozone Park,Boro Zone,2016,8,1,0,0,15,2016,8,1,0,10,33
green,2,2016-08-01T00:04:29.000+08:00,2016-08-01T00:25:13.000+08:00,N,1,95,226,,,,,1,4.68,19.0,0.5,0.5,0.0,0.0,,0.3,20.3,2,1,VFI,VeriFone Inc.,Aug,August,Cash,Standard rate,Queens,Forest Hills,Boro Zone,Queens,Sunnyside,Boro Zone,2016,8,1,0,4,29,2016,8,1,0,25,13
green,2,2016-08-01T00:01:57.000+08:00,2016-08-01T00:08:40.000+08:00,N,1,61,49,,,,,1,1.55,7.5,0.5,0.5,1.76,0.0,,0.3,10.56,1,1,VFI,VeriFone Inc.,Aug,August,Credit card,Standard rate,Brooklyn,Crown Heights North,Boro Zone,Brooklyn,Clinton Hill,Boro Zone,2016,8,1,0,1,57,2016,8,1,0,8,40
green,2,2016-08-01T00:00:13.000+08:00,2016-08-01T00:04:22.000+08:00,N,1,65,66,,,,,1,0.69,5.0,0.5,0.5,0.0,0.0,,0.3,6.3,2,1,VFI,VeriFone Inc.,Aug,August,Cash,Standard rate,Brooklyn,Downtown Brooklyn/MetroTech,Boro Zone,Brooklyn,DUMBO/Vinegar Hill,Boro Zone,2016,8,1,0,0,13,2016,8,1,0,4,22
green,2,2016-08-01T00:00:11.000+08:00,2016-08-01T00:03:41.000+08:00,N,1,42,116,,,,,1,0.68,5.0,0.5,0.5,2.0,0.0,,0.3,8.3,1,1,VFI,VeriFone Inc.,Aug,August,Credit card,Standard rate,Manhattan,Central Harlem North,Boro Zone,Manhattan,Hamilton Heights,Boro Zone,2016,8,1,0,0,11,2016,8,1,0,3,41
green,2,2016-08-01T00:25:37.000+08:00,2016-08-01T00:39:20.000+08:00,N,1,146,146,,,,,2,2.11,11.0,0.5,0.5,2.0,0.0,,0.3,14.3,1,1,VFI,VeriFone Inc.,Aug,August,Credit card,Standard rate,Queens,Long Island City/Queens Plaza,Boro Zone,Queens,Long Island City/Queens Plaza,Boro Zone,2016,8,1,0,25,37,2016,8,1,0,39,20
green,2,2016-08-01T00:04:14.000+08:00,2016-08-01T00:22:40.000+08:00,N,1,257,227,,,,,1,3.9,15.5,0.5,0.5,0.0,0.0,,0.3,16.8,2,1,VFI,VeriFone Inc.,Aug,August,Cash,Standard rate,Brooklyn,Windsor Terrace,Boro Zone,Brooklyn,Sunset Park East,Boro Zone,2016,8,1,0,4,14,2016,8,1,0,22,40
green,2,2016-08-01T00:55:17.000+08:00,2016-08-01T01:11:58.000+08:00,N,1,255,36,,,,,1,3.48,14.0,0.5,0.5,3.06,0.0,,0.3,18.36,1,1,VFI,VeriFone Inc.,Aug,August,Credit card,Standard rate,Brooklyn,Williamsburg (North Side),Boro Zone,Brooklyn,Bushwick North,Boro Zone,2016,8,1,0,55,17,2016,8,1,1,11,58
green,2,2016-08-01T00:02:03.000+08:00,2016-08-01T00:19:56.000+08:00,N,1,7,79,,,,,1,7.01,21.5,0.5,0.5,0.0,0.0,,0.3,22.8,2,1,VFI,VeriFone Inc.,Aug,August,Cash,Standard rate,Queens,Astoria,Boro Zone,Manhattan,East Village,Yellow Zone,2016,8,1,0,2,3,2016,8,1,0,19,56
green,2,2016-08-01T00:25:31.000+08:00,2016-08-01T00:29:15.000+08:00,N,1,49,61,,,,,1,0.76,5.0,0.5,0.5,0.0,0.0,,0.3,6.3,2,1,VFI,VeriFone Inc.,Aug,August,Cash,Standard rate,Brooklyn,Clinton Hill,Boro Zone,Brooklyn,Crown Heights North,Boro Zone,2016,8,1,0,25,31,2016,8,1,0,29,15
green,2,2016-08-01T00:52:39.000+08:00,2016-08-01T00:59:16.000+08:00,N,1,82,82,,,,,2,1.28,6.5,0.5,0.5,0.0,0.0,,0.3,7.8,2,1,VFI,VeriFone Inc.,Aug,August,Cash,Standard rate,Queens,Elmhurst,Boro Zone,Queens,Elmhurst,Boro Zone,2016,8,1,0,52,39,2016,8,1,0,59,16
green,2,2016-08-01T00:03:29.000+08:00,2016-08-01T00:40:26.000+08:00,N,1,95,116,,,,,1,13.8,43.0,0.5,0.5,0.0,5.54,,0.3,49.84,2,1,VFI,VeriFone Inc.,Aug,August,Cash,Standard rate,Queens,Forest Hills,Boro Zone,Manhattan,Hamilton Heights,Boro Zone,2016,8,1,0,3,29,2016,8,1,0,40,26
green,2,2016-08-01T00:01:45.000+08:00,2016-08-01T00:11:31.000+08:00,N,1,244,127,,,,,1,1.97,9.5,0.5,0.5,0.0,0.0,,0.3,10.8,2,1,VFI,VeriFone Inc.,Aug,August,Cash,Standard rate,Manhattan,Washington Heights South,Boro Zone,Manhattan,Inwood,Boro Zone,2016,8,1,0,1,45,2016,8,1,0,11,31
green,2,2016-08-01T00:00:09.000+08:00,2016-08-01T00:18:24.000+08:00,N,1,65,177,,,,,1,4.03,16.0,0.5,0.5,0.0,0.0,,0.3,17.3,2,1,VFI,VeriFone Inc.,Aug,August,Cash,Standard rate,Brooklyn,Downtown Brooklyn/MetroTech,Boro Zone,Brooklyn,Ocean Hill,Boro Zone,2016,8,1,0,0,9,2016,8,1,0,18,24
green,2,2016-08-01T00:29:20.000+08:00,2016-08-01T00:42:38.000+08:00,N,1,255,37,,,,,1,2.52,11.5,0.5,0.5,2.56,0.0,,0.3,15.36,1,1,VFI,VeriFone Inc.,Aug,August,Credit card,Standard rate,Brooklyn,Williamsburg (North Side),Boro Zone,Brooklyn,Bushwick South,Boro Zone,2016,8,1,0,29,20,2016,8,1,0,42,38
green,2,2016-08-01T00:44:10.000+08:00,2016-08-01T00:56:07.000+08:00,N,1,41,48,,,,,1,3.85,13.0,0.5,0.5,4.29,0.0,,0.3,18.59,1,1,VFI,VeriFone Inc.,Aug,August,Credit card,Standard rate,Manhattan,Central Harlem,Boro Zone,Manhattan,Clinton East,Yellow Zone,2016,8,1,0,44,10,2016,8,1,0,56,7
green,2,2016-08-01T00:18:47.000+08:00,2016-08-01T00:38:57.000+08:00,N,1,41,68,,,,,1,7.01,23.0,0.5,0.5,4.86,0.0,,0.3,29.16,1,1,VFI,VeriFone Inc.,Aug,August,Credit card,Standard rate,Manhattan,Central Harlem,Boro Zone,Manhattan,East Chelsea,Yellow Zone,2016,8,1,0,18,47,2016,8,1,0,38,57
green,2,2016-08-01T00:10:12.000+08:00,2016-08-01T00:26:45.000+08:00,N,1,255,146,,,,,1,3.52,15.0,0.5,0.5,3.26,0.0,,0.3,19.56,1,1,VFI,VeriFone Inc.,Aug,August,Credit card,Standard rate,Brooklyn,Williamsburg (North Side),Boro Zone,Queens,Long Island City/Queens Plaza,Boro Zone,2016,8,1,0,10,12,2016,8,1,0,26,45
green,2,2016-08-01T00:42:53.000+08:00,2016-08-01T00:55:51.000+08:00,N,1,7,260,,,,,1,3.14,12.0,0.5,0.5,3.32,0.0,,0.3,16.62,1,1,VFI,VeriFone Inc.,Aug,August,Credit card,Standard rate,Queens,Astoria,Boro Zone,Queens,Woodside,Boro Zone,2016,8,1,0,42,53,2016,8,1,0,55,51
green,2,2016-08-01T00:24:58.000+08:00,2016-08-01T00:33:03.000+08:00,N,1,168,147,,,,,1,1.65,8.0,0.5,0.5,0.0,0.0,,0.3,9.3,2,1,VFI,VeriFone Inc.,Aug,August,Cash,Standard rate,Bronx,Mott Haven/Port Morris,Boro Zone,Bronx,Longwood,Boro Zone,2016,8,1,0,24,58,2016,8,1,0,33,3
